doc_id,title,start,end
1,The History of Creation,GEN.1.1,GEN.2.7
2,Life in God’s Garden,GEN.2.8,GEN.2.25
3,The Temptation and Fall of Man,GEN.3.1,GEN.3.24
4,Cain Murders Abel,GEN.4.1,GEN.4.15
5,The Family of Cain,GEN.4.16,GEN.4.24
6,A New Son,GEN.4.25,GEN.4.26
7,The Family of Adam,GEN.5.1,GEN.5.32
8,The Wickedness and Judgment of Man,GEN.6.1,GEN.6.8
9,Noah Pleases God,GEN.6.9,GEN.6.12
10,The Ark Prepared,GEN.6.13,GEN.6.22
11,The Great Flood,GEN.7.1,GEN.7.24
12,Noah’s Deliverance,GEN.8.1,GEN.8.19
13,God’s Covenant with Creation,GEN.8.20,GEN.9.17
14,Noah and His Sons,GEN.9.18,GEN.9.29
15,Nations Descended from Noah,GEN.10.1,GEN.10.32
16,The Tower of Babel,GEN.11.1,GEN.11.9
17,Shem’s Descendants,GEN.11.10,GEN.11.26
18,Terah’s Descendants,GEN.11.27,GEN.11.32
19,Promises to Abram,GEN.12.1,GEN.12.9
20,Abram in Egypt,GEN.12.10,GEN.12.20
21,Abram Inherits Canaan,GEN.13.1,GEN.13.18
22,Lot’s Captivity and Rescue,GEN.14.1,GEN.14.17
23,Abram and Melchizedek,GEN.14.18,GEN.14.24
24,God’s Covenant with Abram,GEN.15.1,GEN.15.21
25,Hagar and Ishmael,GEN.16.1,GEN.16.16
26,The Sign of the Covenant,GEN.17.1,GEN.17.27
27,The Son of Promise,GEN.18.1,GEN.18.15
28,Abraham Intercedes for Sodom,GEN.18.16,GEN.18.33
29,Sodom’s Depravity,GEN.19.1,GEN.19.11
30,Sodom and Gomorrah Destroyed,GEN.19.12,GEN.19.29
31,The Descendants of Lot,GEN.19.30,GEN.19.38
32,Abraham and Abimelech,GEN.20.1,GEN.20.18
33,Isaac is Born,GEN.21.1,GEN.21.7
34,Hagar and Ishmael Depart,GEN.21.8,GEN.21.21
35,A Covenant with Abimelech,GEN.21.22,GEN.21.34
36,Abraham’s Faith Confirmed,GEN.22.1,GEN.22.19
37,The Family of Nahor,GEN.22.20,GEN.22.24
38,Sarah’s Death and Burial,GEN.23.1,GEN.23.20
39,A Bride for Isaac,GEN.24.1,GEN.24.67
40,Abraham and Keturah,GEN.25.1,GEN.25.6
41,Abraham’s Death and Burial,GEN.25.7,GEN.25.11
42,The Families of Ishmael and Isaac,GEN.25.12,GEN.25.28
43,Esau Sells His Birthright,GEN.25.29,GEN.25.34
44,Isaac and Abimelech,GEN.26.1,GEN.26.35
45,Isaac Blesses Jacob,GEN.27.1,GEN.27.29
46,Esau’s Lost Hope,GEN.27.30,GEN.27.40
47,Jacob Escapes from Esau,GEN.27.41,GEN.28.5
48,Esau Marries Mahalath,GEN.28.6,GEN.28.9
49,Jacob’s Vow at Bethel,GEN.28.10,GEN.28.22
50,Jacob Meets Rachel,GEN.29.1,GEN.29.14
51,Jacob Marries Leah and Rachel,GEN.29.15,GEN.29.30
52,The Children of Jacob,GEN.29.31,GEN.30.24
53,Jacob’s Agreement with Laban,GEN.30.25,GEN.30.43
54,Jacob Flees from Laban,GEN.31.1,GEN.31.21
55,Laban Pursues Jacob,GEN.31.22,GEN.31.42
56,Laban’s Covenant with Jacob,GEN.31.43,GEN.31.55
57,Esau Comes to Meet Jacob,GEN.32.1,GEN.32.21
58,Wrestling with God,GEN.32.22,GEN.32.32
59,Jacob and Esau Meet,GEN.33.1,GEN.33.17
60,Jacob Comes to Canaan,GEN.33.18,GEN.33.20
61,The Dinah Incident,GEN.34.1,GEN.34.31
62,Jacob’s Return to Bethel,GEN.35.1,GEN.35.15
63,Death of Rachel,GEN.35.16,GEN.35.22
64,Jacob’s Twelve Sons,GEN.35.22,GEN.35.26
65,Death of Isaac,GEN.35.27,GEN.35.29
66,The Family of Esau,GEN.36.1,GEN.36.14
67,The Chiefs of Edom,GEN.36.15,GEN.36.19
68,The Sons of Seir,GEN.36.20,GEN.36.30
69,The Kings of Edom,GEN.36.31,GEN.36.39
70,The Chiefs of Esau,GEN.36.40,GEN.36.43
71,Joseph Dreams of Greatness,GEN.37.1,GEN.37.11
72,Joseph Sold by His Brothers,GEN.37.12,GEN.37.36
73,Judah and Tamar,GEN.38.1,GEN.38.30
74,Joseph a Slave in Egypt,GEN.39.1,GEN.39.23
75,The Prisoners’ Dreams,GEN.40.1,GEN.40.23
76,Pharaoh’s Dreams,GEN.41.1,GEN.41.36
77,Joseph’s Rise to Power,GEN.41.37,GEN.41.57
78,Joseph’s Brothers Go to Egypt,GEN.42.1,GEN.42.24
79,The Brothers Return to Canaan,GEN.42.25,GEN.42.38
80,Joseph’s Brothers Return with Benjamin,GEN.43.1,GEN.43.34
81,Joseph’s Cup,GEN.44.1,GEN.44.17
82,Judah Intercedes for Benjamin,GEN.44.18,GEN.44.34
83,Joseph Revealed to His Brothers,GEN.45.1,GEN.45.28
84,Jacob’s Journey to Egypt,GEN.46.1,GEN.46.27
85,Jacob Settles in Goshen,GEN.46.28,GEN.47.12
86,Joseph Deals with the Famine,GEN.47.13,GEN.47.26
87,Joseph’s Vow to Jacob,GEN.47.27,GEN.47.31
88,Jacob Blesses Joseph’s Sons,GEN.48.1,GEN.48.22
89,Jacob’s Last Words to His Sons,GEN.49.1,GEN.49.28
90,Jacob’s Death and Burial,GEN.49.29,GEN.50.14
91,Joseph Reassures His Brothers,GEN.50.15,GEN.50.21
92,Death of Joseph,GEN.50.22,GEN.50.26
93,Israel’s Suffering in Egypt,EXO.1.1,EXO.1.22
94,Moses is Born,EXO.2.1,EXO.2.10
95,Moses Flees to Midian,EXO.2.11,EXO.2.25
96,Moses at the Burning Bush,EXO.3.1,EXO.3.22
97,Miraculous Signs for Pharaoh,EXO.4.1,EXO.4.17
98,Moses Goes to Egypt,EXO.4.18,EXO.4.31
99,First Encounter with Pharaoh,EXO.5.1,EXO.5.21
100,Israel’s Deliverance Assured,EXO.5.22,EXO.6.13
101,The Family of Moses and Aaron,EXO.6.14,EXO.6.27
102,Aaron is Moses’ Spokesman,EXO.6.28,EXO.7.7
103,Aaron’s Miraculous Rod,EXO.7.8,EXO.7.13
104,The First Plague: Waters Become Blood,EXO.7.14,EXO.7.25
105,The Second Plague: Frogs,EXO.8.1,EXO.8.15
106,The Third Plague: Lice,EXO.8.16,EXO.8.19
107,The Fourth Plague: Flies,EXO.8.20,EXO.8.32
108,The Fifth Plague: Livestock Diseased,EXO.9.1,EXO.9.7
109,The Sixth Plague: Boils,EXO.9.8,EXO.9.12
110,The Seventh Plague: Hail,EXO.9.13,EXO.9.35
111,The Eighth Plague: Locusts,EXO.10.1,EXO.10.20
112,The Ninth Plague: Darkness,EXO.10.21,EXO.10.29
113,Death of the Firstborn Announced,EXO.11.1,EXO.11.10
114,The Passover Instituted,EXO.12.1,EXO.12.28
115,The Tenth Plague: Death of the Firstborn,EXO.12.29,EXO.12.30
116,The Exodus,EXO.12.31,EXO.12.42
117,Passover Regulations,EXO.12.43,EXO.12.51
118,The Firstborn Consecrated,EXO.13.1,EXO.13.2
119,The Feast of Unleavened Bread,EXO.13.3,EXO.13.10
120,The Law of the Firstborn,EXO.13.11,EXO.13.16
121,The Wilderness Way,EXO.13.17,EXO.13.22
122,The Red Sea Crossing,EXO.14.1,EXO.14.31
123,The Song of Moses,EXO.15.1,EXO.15.19
124,The Song of Miriam,EXO.15.20,EXO.15.21
125,Bitter Waters Made Sweet,EXO.15.22,EXO.15.27
126,Bread from Heaven,EXO.16.1,EXO.16.36
127,Water from the Rock,EXO.17.1,EXO.17.7
128,Victory Over the Amalekites,EXO.17.8,EXO.17.16
129,Jethro’s Advice,EXO.18.1,EXO.18.27
130,Israel at Mount Sinai,EXO.19.1,EXO.19.25
131,The Ten Commandments,EXO.20.1,EXO.20.17
132,The People Afraid of God’s Presence,EXO.20.18,EXO.20.21
133,The Law of the Altar,EXO.20.22,EXO.20.26
134,The Law Concerning Servants,EXO.21.1,EXO.21.11
135,The Law Concerning Violence,EXO.21.12,EXO.21.27
136,Animal Control Laws,EXO.21.28,EXO.21.36
137,Responsibility for Property,EXO.22.1,EXO.22.15
138,Moral and Ceremonial Principles,EXO.22.16,EXO.22.31
139,Justice for All,EXO.23.1,EXO.23.9
140,The Law of Sabbaths,EXO.23.10,EXO.23.13
141,Three Annual Feasts,EXO.23.14,EXO.23.19
142,The Angel and the Promises,EXO.23.20,EXO.23.33
143,Israel Affirms the Covenant,EXO.24.1,EXO.24.8
144,On the Mountain with God,EXO.24.9,EXO.24.18
145,Offerings for the Sanctuary,EXO.25.1,EXO.25.9
146,The Ark of the Testimony,EXO.25.10,EXO.25.22
147,The Table for the Showbread,EXO.25.23,EXO.25.30
148,The Gold Lampstand,EXO.25.31,EXO.25.40
149,The Tabernacle,EXO.26.1,EXO.26.37
150,The Altar of Burnt Offering,EXO.27.1,EXO.27.8
151,The Court of the Tabernacle,EXO.27.9,EXO.27.19
152,The Care of the Lampstand,EXO.27.20,EXO.27.21
153,Garments for the Priesthood,EXO.28.1,EXO.28.4
154,The Ephod,EXO.28.5,EXO.28.14
155,The Breastplate,EXO.28.15,EXO.28.30
156,Other Priestly Garments,EXO.28.31,EXO.28.43
157,Aaron and His Sons Consecrated,EXO.29.1,EXO.29.37
158,The Daily Offerings,EXO.29.38,EXO.29.46
159,The Altar of Incense,EXO.30.1,EXO.30.10
160,The Ransom Money,EXO.30.11,EXO.30.16
161,The Bronze Laver,EXO.30.17,EXO.30.21
162,The Holy Anointing Oil,EXO.30.22,EXO.30.33
163,The Incense,EXO.30.34,EXO.30.38
164,Artisans for Building the Tabernacle,EXO.31.1,EXO.31.11
165,The Sabbath Law,EXO.31.12,EXO.31.18
166,The Gold Calf,EXO.32.1,EXO.32.35
167,The Command to Leave Sinai,EXO.33.1,EXO.33.6
168,Moses Meets with the Lord,EXO.33.7,EXO.33.11
169,The Promise of God’s Presence,EXO.33.12,EXO.33.23
170,Moses Makes New Tablets,EXO.34.1,EXO.34.9
171,The Covenant Renewed,EXO.34.10,EXO.34.28
172,The Shining Face of Moses,EXO.34.29,EXO.34.35
173,Sabbath Regulations,EXO.35.1,EXO.35.3
174,Offerings for the Tabernacle,EXO.35.4,EXO.35.9
175,Articles of the Tabernacle,EXO.35.10,EXO.35.19
176,The Tabernacle Offerings Presented,EXO.35.20,EXO.35.29
177,The Artisans Called by God,EXO.35.30,EXO.36.1
178,The People Give More Than Enough,EXO.36.2,EXO.36.7
179,Building the Tabernacle,EXO.36.8,EXO.36.38
180,Making the Ark of the Testimony,EXO.37.1,EXO.37.9
181,Making the Table for the Showbread,EXO.37.10,EXO.37.16
182,Making the Gold Lampstand,EXO.37.17,EXO.37.24
183,Making the Altar of Incense,EXO.37.25,EXO.37.28
184,Making the Anointing Oil and the Incense,EXO.37.29,EXO.37.29
185,Making the Altar of Burnt Offering,EXO.38.1,EXO.38.7
186,Making the Bronze Laver,EXO.38.8,EXO.38.8
187,Making the Court of the Tabernacle,EXO.38.9,EXO.38.20
188,Materials of the Tabernacle,EXO.38.21,EXO.38.31
189,Making the Garments of the Priesthood,EXO.39.1,EXO.39.1
190,Making the Ephod,EXO.39.2,EXO.39.7
191,Making the Breastplate,EXO.39.8,EXO.39.21
192,Making the Other Priestly Garments,EXO.39.22,EXO.39.31
193,The Work Completed,EXO.39.32,EXO.39.43
194,The Tabernacle Erected and Arranged,EXO.40.1,EXO.40.33
195,The Cloud and the Glory,EXO.40.34,EXO.40.38
196,The Burnt Offering,LEV.1.1,LEV.1.17
197,The Grain Offering,LEV.2.1,LEV.2.16
198,The Peace Offering,LEV.3.1,LEV.3.17
199,The Sin Offering,LEV.4.1,LEV.4.35
200,The Trespass Offering,LEV.5.1,LEV.5.13
201,Offerings with Restitution,LEV.5.14,LEV.6.7
202,The Law of the Burnt Offering,LEV.6.8,LEV.6.13
203,The Law of the Grain Offering,LEV.6.14,LEV.6.23
204,The Law of the Sin Offering,LEV.6.24,LEV.6.30
205,The Law of the Trespass Offering,LEV.7.1,LEV.7.10
206,The Law of Peace Offerings,LEV.7.11,LEV.7.21
207,Fat and Blood May Not Be Eaten,LEV.7.22,LEV.7.27
208,The Portion of Aaron and His Sons,LEV.7.28,LEV.7.38
209,Aaron and His Sons Consecrated,LEV.8.1,LEV.8.36
210,The Priestly Ministry Begins,LEV.9.1,LEV.9.24
211,The Profane Fire of Nadab and Abihu,LEV.10.1,LEV.10.7
212,Conduct Prescribed for Priests,LEV.10.8,LEV.10.20
213,Foods Permitted and Forbidden,LEV.11.1,LEV.11.23
214,Unclean Animals,LEV.11.24,LEV.11.47
215,The Ritual After Childbirth,LEV.12.1,LEV.12.8
216,The Law Concerning Leprosy,LEV.13.1,LEV.13.46
217,The Law Concerning Leprous Garments,LEV.13.47,LEV.13.59
218,The Ritual for Cleansing Healed Lepers,LEV.14.1,LEV.14.32
219,The Law Concerning Leprous Houses,LEV.14.33,LEV.14.57
220,The Law Concerning Bodily Discharges,LEV.15.1,LEV.15.33
221,The Day of Atonement,LEV.16.1,LEV.16.34
222,The Sanctity of Blood,LEV.17.1,LEV.17.16
223,Laws of Sexual Morality,LEV.18.1,LEV.18.30
224,Moral and Ceremonial Laws,LEV.19.1,LEV.19.37
225,Penalties for Breaking the Law,LEV.20.1,LEV.20.27
226,Regulations for Conduct of Priests,LEV.21.1,LEV.22.16
227,Offerings Accepted and Not Accepted,LEV.22.17,LEV.22.33
228,Feasts of the Lord,LEV.23.1,LEV.23.2
229,The Sabbath,LEV.23.3,LEV.23.3
230,The Passover and Unleavened Bread,LEV.23.4,LEV.23.8
231,The Feast of Firstfruits,LEV.23.9,LEV.23.14
232,The Feast of Weeks,LEV.23.15,LEV.23.22
233,The Feast of Trumpets,LEV.23.23,LEV.23.25
234,The Day of Atonement,LEV.23.26,LEV.23.32
235,The Feast of Tabernacles,LEV.23.33,LEV.23.44
236,Care of the Tabernacle Lamps,LEV.24.1,LEV.24.4
237,The Bread of the Tabernacle,LEV.24.5,LEV.24.9
238,The Penalty for Blasphemy,LEV.24.10,LEV.24.23
239,The Sabbath of the Seventh Year,LEV.25.1,LEV.25.7
240,The Year of Jubilee,LEV.25.8,LEV.25.17
241,The Year of Jubilee,LEV.25.18,LEV.25.22
242,Redemption of Property,LEV.25.23,LEV.25.34
243,Lending to the Poor,LEV.25.35,LEV.25.38
244,The Law Concerning Slavery,LEV.25.39,LEV.25.55
245,Promise of Blessing and Retribution,LEV.26.1,LEV.26.46
246,Redeeming Persons and Property Dedicated to God,LEV.27.1,LEV.27.34
247,The First Census of Israel,NUM.1.1,NUM.1.54
248,The Tribes and Leaders by Armies,NUM.2.1,NUM.2.34
249,The Sons of Aaron,NUM.3.1,NUM.3.4
250,The Levites Serve in the Tabernacle,NUM.3.5,NUM.3.13
251,Census of the Levites Commanded,NUM.3.14,NUM.3.39
252,Levites Dedicated Instead of the Firstborn,NUM.3.40,NUM.3.51
253,Duties of the Sons of Kohath,NUM.4.1,NUM.4.20
254,Duties of the Sons of Gershon,NUM.4.21,NUM.4.28
255,Duties of the Sons of Merari,NUM.4.29,NUM.4.33
256,Census of the Levites,NUM.4.34,NUM.4.49
257,Ceremonially Unclean Persons Isolated,NUM.5.1,NUM.5.4
258,Confession and Restitution,NUM.5.5,NUM.5.10
259,Concerning Unfaithful Wives,NUM.5.11,NUM.5.31
260,The Law of the Nazirite,NUM.6.1,NUM.6.21
261,The Priestly Blessing,NUM.6.22,NUM.6.27
262,Offerings of the Leaders,NUM.7.1,NUM.7.89
263,Arrangement of the Lamps,NUM.8.1,NUM.8.4
264,Cleansing and Dedication of the Levites,NUM.8.5,NUM.8.26
265,The Second Passover,NUM.9.1,NUM.9.14
266,The Cloud and the Fire,NUM.9.15,NUM.9.23
267,Two Silver Trumpets,NUM.10.1,NUM.10.10
268,Departure from Sinai,NUM.10.11,NUM.10.36
269,The People Complain,NUM.11.1,NUM.11.15
270,The Seventy Elders,NUM.11.16,NUM.11.30
271,The Lord Sends Quail,NUM.11.31,NUM.11.35
272,Dissension of Aaron and Miriam,NUM.12.1,NUM.12.16
273,Spies Sent into Canaan,NUM.13.1,NUM.13.33
274,Israel Refuses to Enter Canaan,NUM.14.1,NUM.14.10
275,Moses Intercedes for the People,NUM.14.11,NUM.14.25
276,Death Sentence on the Rebels,NUM.14.26,NUM.14.38
277,A Futile Invasion Attempt,NUM.14.39,NUM.14.45
278,Laws of Grain and Drink Offerings,NUM.15.1,NUM.15.21
279,Laws Concerning Unintentional Sin,NUM.15.22,NUM.15.29
280,Law Concerning Presumptuous Sin,NUM.15.30,NUM.15.31
281,Penalty for Violating the Sabbath,NUM.15.32,NUM.15.36
282,Tassels on Garments,NUM.15.37,NUM.15.41
283,Rebellion Against Moses and Aaron,NUM.16.1,NUM.16.40
284,Complaints of the People,NUM.16.41,NUM.16.50
285,The Budding of Aaron’s Rod,NUM.17.1,NUM.17.12
286,Duties of Priests and Levites,NUM.18.1,NUM.18.7
287,Offerings for Support of the Priests,NUM.18.8,NUM.18.20
288,Tithes for Support of the Levites,NUM.18.21,NUM.18.24
289,The Tithe of the Levites,NUM.18.25,NUM.18.32
290,Laws of Purification,NUM.19.1,NUM.19.22
291,Moses’ Error at Kadesh,NUM.20.1,NUM.20.13
292,Passage Through Edom Refused,NUM.20.14,NUM.20.21
293,Death of Aaron,NUM.20.22,NUM.20.29
294,Canaanites Defeated at Hormah,NUM.21.1,NUM.21.3
295,The Bronze Serpent,NUM.21.4,NUM.21.9
296,From Mount Hor to Moab,NUM.21.10,NUM.21.20
297,King Sihon Defeated,NUM.21.21,NUM.21.32
298,King Og Defeated,NUM.21.33,NUM.21.35
299,Balak Sends for Balaam,NUM.22.1,NUM.22.21
300,"Balaam, the Donkey, and the Angel",NUM.22.22,NUM.22.40
301,Balaam’s First Prophecy,NUM.22.41,NUM.22.41
302,Balaam’s Second Prophecy,NUM.23.1,NUM.23.12
303,Balaam’s Third Prophecy,NUM.23.13,NUM.24.14
304,Balaam’s Fourth Prophecy,NUM.24.15,NUM.24.25
305,Israel’s Harlotry in Moab,NUM.25.1,NUM.25.18
306,The Second Census of Israel,NUM.26.1,NUM.26.65
307,Inheritance Laws,NUM.27.1,NUM.27.11
308,Joshua the Next Leader of Israel,NUM.27.12,NUM.27.23
309,Daily Offerings,NUM.28.1,NUM.28.8
310,Sabbath Offerings,NUM.28.9,NUM.28.10
311,Monthly Offerings,NUM.28.11,NUM.28.15
312,Offerings at Passover,NUM.28.16,NUM.28.25
313,Offerings at the Feast of Weeks,NUM.28.26,NUM.28.31
314,Offerings at the Feast of Trumpets,NUM.29.1,NUM.29.6
315,Offerings on the Day of Atonement,NUM.29.7,NUM.29.11
316,Offerings at the Feast of Tabernacles,NUM.29.12,NUM.29.40
317,The Law Concerning Vows,NUM.30.1,NUM.30.16
318,Vengeance on the Midianites,NUM.31.1,NUM.31.11
319,Return from the War,NUM.31.12,NUM.31.24
320,Division of the Plunder,NUM.31.25,NUM.31.54
321,The Tribes Settling East of the Jordan,NUM.32.1,NUM.32.42
322,Israel’s Journey from Egypt Reviewed,NUM.33.1,NUM.33.49
323,Instructions for the Conquest of Canaan,NUM.33.50,NUM.33.56
324,The Appointed Boundaries of Canaan,NUM.34.1,NUM.34.15
325,The Leaders Appointed to Divide the Land,NUM.34.16,NUM.34.29
326,Cities for the Levites,NUM.35.1,NUM.35.8
327,Cities of Refuge,NUM.35.9,NUM.35.34
328,Marriage of Female Heirs,NUM.36.1,NUM.36.13
329,The Previous Command to Enter Canaan,DEU.1.1,DEU.1.8
330,Tribal Leaders Appointed,DEU.1.9,DEU.1.18
331,Israel’s Refusal to Enter the Land,DEU.1.19,DEU.1.33
332,The Penalty for Israel’s Rebellion,DEU.1.34,DEU.1.46
333,The Desert Years,DEU.2.1,DEU.2.25
334,King Sihon Defeated,DEU.2.26,DEU.2.37
335,King Og Defeated,DEU.3.1,DEU.3.11
336,The Land East of the Jordan Divided,DEU.3.12,DEU.3.22
337,Moses Forbidden to Enter the Land,DEU.3.23,DEU.3.29
338,Moses Commands Obedience,DEU.4.1,DEU.4.14
339,Beware of Idolatry,DEU.4.15,DEU.4.40
340,Cities of Refuge East of the Jordan,DEU.4.41,DEU.4.43
341,Introduction to God’s Law,DEU.4.44,DEU.4.49
342,The Ten Commandments Reviewed,DEU.5.1,DEU.5.22
343,The People Afraid of God’s Presence,DEU.5.23,DEU.5.33
344,The Greatest Commandment,DEU.6.1,DEU.6.9
345,Caution Against Disobedience,DEU.6.10,DEU.6.25
346,A Chosen People,DEU.7.1,DEU.7.11
347,Blessings of Obedience,DEU.7.12,DEU.7.26
348,Remember the Lord Your God,DEU.8.1,DEU.8.20
349,Israel’s Rebellions Reviewed,DEU.9.1,DEU.9.29
350,The Second Pair of Tablets,DEU.10.1,DEU.10.11
351,The Essence of the Law,DEU.10.12,DEU.10.22
352,Love and Obedience Rewarded,DEU.11.1,DEU.11.32
353,A Prescribed Place of Worship,DEU.12.1,DEU.12.28
354,Beware of False Gods,DEU.12.29,DEU.12.32
355,Punishment of Apostates,DEU.13.1,DEU.13.18
356,Improper Mourning,DEU.14.1,DEU.14.2
357,Clean and Unclean Meat,DEU.14.3,DEU.14.21
358,Tithing Principles,DEU.14.22,DEU.14.29
359,Debts Canceled Every Seven Years,DEU.15.1,DEU.15.6
360,Generosity to the Poor,DEU.15.7,DEU.15.12
361,The Law Concerning Bondservants,DEU.15.12,DEU.15.18
362,The Law Concerning Firstborn Animals,DEU.15.19,DEU.15.23
363,The Passover Reviewed,DEU.16.1,DEU.16.8
364,The Feast of Weeks Reviewed,DEU.16.9,DEU.16.12
365,The Feast of Tabernacles Reviewed,DEU.16.13,DEU.16.17
366,Justice Must Be Administered,DEU.16.18,DEU.17.13
367,Principles Governing Kings,DEU.17.14,DEU.17.20
368,The Portion of the Priests and Levites,DEU.18.1,DEU.18.8
369,Avoid Wicked Customs,DEU.18.9,DEU.18.14
370,A New Prophet Like Moses,DEU.18.15,DEU.18.22
371,Three Cities of Refuge,DEU.19.1,DEU.19.13
372,Property Boundaries,DEU.19.14,DEU.19.14
373,The Law Concerning Witnesses,DEU.19.15,DEU.19.21
374,Principles Governing Warfare,DEU.20.1,DEU.20.20
375,The Law Concerning Unsolved Murder,DEU.21.1,DEU.21.9
376,Female Captives,DEU.21.10,DEU.21.14
377,Firstborn Inheritance Rights,DEU.21.15,DEU.21.17
378,The Rebellious Son,DEU.21.18,DEU.21.21
379,Miscellaneous Laws,DEU.21.22,DEU.22.12
380,Laws of Sexual Morality,DEU.22.13,DEU.22.30
381,Those Excluded from the Congregation,DEU.23.1,DEU.23.8
382,Cleanliness of the Campsite,DEU.23.9,DEU.23.14
383,Miscellaneous Laws,DEU.23.15,DEU.23.25
384,Law Concerning Divorce,DEU.24.1,DEU.24.4
385,Miscellaneous Laws,DEU.24.5,DEU.25.4
386,Marriage Duty of the Surviving Brother,DEU.25.5,DEU.25.10
387,Miscellaneous Laws,DEU.25.11,DEU.25.16
388,Destroy the Amalekites,DEU.25.17,DEU.25.19
389,Offerings of Firstfruits and Tithes,DEU.26.1,DEU.26.15
390,A Special People of God,DEU.26.16,DEU.26.19
391,The Law Inscribed on Stones,DEU.27.1,DEU.27.10
392,Curses Pronounced from Mount Ebal,DEU.27.11,DEU.27.26
393,Blessings on Obedience,DEU.28.1,DEU.28.14
394,Curses on Disobedience,DEU.28.15,DEU.28.68
395,The Covenant Renewed in Moab,DEU.29.1,DEU.29.29
396,The Blessing of Returning to God,DEU.30.1,DEU.30.10
397,The Choice of Life or Death,DEU.30.11,DEU.30.20
398,Joshua the New Leader of Israel,DEU.31.1,DEU.31.8
399,The Law to Be Read Every Seven Years,DEU.31.9,DEU.31.13
400,Prediction of Israel’s Rebellion,DEU.31.14,DEU.31.29
401,The Song of Moses,DEU.31.30,DEU.32.47
402,Moses to Die on Mount Nebo,DEU.32.48,DEU.32.52
403,Moses’ Final Blessing on Israel,DEU.33.1,DEU.33.29
404,Moses Dies on Mount Nebo,DEU.34.1,DEU.34.12
405,God’s Commission to Joshua,JOS.1.1,JOS.1.9
406,The Order to Cross the Jordan,JOS.1.10,JOS.1.18
407,Rahab Hides the Spies,JOS.2.1,JOS.2.24
408,Israel Crosses the Jordan,JOS.3.1,JOS.3.17
409,The Memorial Stones,JOS.4.1,JOS.4.24
410,The Second Generation Circumcised,JOS.5.1,JOS.5.12
411,The Commander of the Army of the Lord,JOS.5.13,JOS.5.15
412,The Destruction of Jericho,JOS.6.1,JOS.6.27
413,Defeat at Ai,JOS.7.1,JOS.7.9
414,The Sin of Achan,JOS.7.10,JOS.7.26
415,The Fall of Ai,JOS.8.1,JOS.8.29
416,Joshua Renews the Covenant,JOS.8.30,JOS.8.35
417,The Treaty with the Gibeonites,JOS.9.1,JOS.9.27
418,The Sun Stands Still,JOS.10.1,JOS.10.15
419,The Amorite Kings Executed,JOS.10.16,JOS.10.27
420,Conquest of the Southland,JOS.10.28,JOS.10.43
421,The Northern Conquest,JOS.11.1,JOS.11.15
422,Summary of Joshua’s Conquests,JOS.11.16,JOS.11.23
423,The Kings Conquered by Moses,JOS.12.1,JOS.12.6
424,The Kings Conquered by Joshua,JOS.12.7,JOS.12.23
425,Remaining Land to Be Conquered,JOS.13.1,JOS.13.7
426,The Land Divided East of the Jordan,JOS.13.8,JOS.13.14
427,The Land of Reuben,JOS.13.15,JOS.13.23
428,The Land of Gad,JOS.13.24,JOS.13.28
429,Half the Tribe of Manasseh (East),JOS.13.29,JOS.13.33
430,The Land Divided West of the Jordan,JOS.14.1,JOS.14.5
431,Caleb Inherits Hebron,JOS.14.6,JOS.14.15
432,The Land of Judah,JOS.15.1,JOS.15.12
433,Caleb Occupies Hebron and Debir,JOS.15.13,JOS.15.19
434,The Cities of Judah,JOS.15.20,JOS.15.63
435,Ephraim and West Manasseh,JOS.16.1,JOS.16.4
436,The Land of Ephraim,JOS.16.5,JOS.16.10
437,The Other Half-Tribe of Manasseh (West),JOS.17.1,JOS.17.13
438,More Land for Ephraim and Manasseh,JOS.17.14,JOS.17.18
439,The Remainder of the Land Divided,JOS.18.1,JOS.18.10
440,The Land of Benjamin,JOS.18.11,JOS.18.28
441,Simeon’s Inheritance with Judah,JOS.19.1,JOS.19.9
442,The Land of Zebulun,JOS.19.10,JOS.19.16
443,The Land of Issachar,JOS.19.17,JOS.19.23
444,The Land of Asher,JOS.19.24,JOS.19.31
445,The Land of Naphtali,JOS.19.32,JOS.19.39
446,The Land of Dan,JOS.19.40,JOS.19.48
447,Joshua’s Inheritance,JOS.19.49,JOS.19.51
448,The Cities of Refuge,JOS.20.1,JOS.20.9
449,Cities of the Levites,JOS.21.1,JOS.21.42
450,The Promise Fulfilled,JOS.21.43,JOS.21.45
451,Eastern Tribes Return to Their Lands,JOS.22.1,JOS.22.9
452,An Altar by the Jordan,JOS.22.10,JOS.22.34
453,Joshua’s Farewell Address,JOS.23.1,JOS.23.16
454,The Covenant at Shechem,JOS.24.1,JOS.24.28
455,Death of Joshua and Eleazar,JOS.24.29,JOS.24.33
456,The Continuing Conquest of Canaan,JDG.1.1,JDG.1.26
457,Incomplete Conquest of the Land,JDG.1.27,JDG.1.36
458,Israel’s Disobedience,JDG.2.1,JDG.2.6
459,Death of Joshua,JDG.2.7,JDG.2.10
460,Israel’s Unfaithfulness,JDG.2.11,JDG.2.23
461,The Nations Remaining in the Land,JDG.3.1,JDG.3.6
462,Othniel,JDG.3.7,JDG.3.11
463,Ehud,JDG.3.12,JDG.3.30
464,Shamgar,JDG.3.31,JDG.3.31
465,Deborah,JDG.4.1,JDG.4.24
466,The Song of Deborah,JDG.5.1,JDG.5.31
467,Midianites Oppress Israel,JDG.6.1,JDG.6.10
468,Gideon,JDG.6.11,JDG.6.27
469,Gideon Destroys the Altar of Baal,JDG.6.28,JDG.6.35
470,The Sign of the Fleece,JDG.6.36,JDG.6.40
471,Gideon’s Valiant Three Hundred,JDG.7.1,JDG.7.25
472,Gideon Subdues the Midianites,JDG.8.1,JDG.8.21
473,Gideon’s Ephod,JDG.8.22,JDG.8.28
474,Death of Gideon,JDG.8.29,JDG.8.35
475,Abimelech’s Conspiracy,JDG.9.1,JDG.9.6
476,The Parable of the Trees,JDG.9.7,JDG.9.21
477,Downfall of Abimelech,JDG.9.22,JDG.9.57
478,Tola,JDG.10.1,JDG.10.2
479,Jair,JDG.10.3,JDG.10.5
480,Israel Oppressed Again,JDG.10.6,JDG.10.18
481,Jephthah,JDG.11.1,JDG.11.28
482,Jephthah’s Vow and Victory,JDG.11.29,JDG.11.33
483,Jephthah’s Daughter,JDG.11.34,JDG.11.39
484,Jephthah’s Conflict with Ephraim,JDG.12.1,JDG.12.7
485,"Ibzan, Elon, and Abdon",JDG.12.8,JDG.12.15
486,The Birth of Samson,JDG.13.1,JDG.13.25
487,Samson’s Philistine Wife,JDG.14.1,JDG.14.20
488,Samson Defeats the Philistines,JDG.15.1,JDG.15.20
489,Samson and Delilah,JDG.16.1,JDG.16.22
490,Samson Dies with the Philistines,JDG.16.23,JDG.16.31
491,Micah’s Idolatry,JDG.17.1,JDG.17.13
492,The Danites Adopt Micah’s Idolatry,JDG.18.1,JDG.18.26
493,Danites Settle in Laish,JDG.18.27,JDG.18.31
494,The Levite’s Concubine,JDG.19.1,JDG.19.21
495,Gibeah’s Crime,JDG.19.22,JDG.19.30
496,Israel’s War with the Benjamites,JDG.20.1,JDG.20.48
497,Wives Provided for the Benjamites,JDG.21.1,JDG.21.25
498,Elimelech’s Family Goes to Moab,RUT.1.1,RUT.1.5
499,Naomi Returns with Ruth,RUT.1.6,RUT.1.22
500,Ruth Meets Boaz,RUT.2.1,RUT.2.23
501,Ruth’s Redemption Assured,RUT.3.1,RUT.3.18
502,Boaz Redeems Ruth,RUT.4.1,RUT.4.12
503,Descendants of Boaz and Ruth,RUT.4.13,RUT.4.22
504,The Family of Elkanah,1SA.1.1,1SA.1.7
505,Hannah’s Vow,1SA.1.8,1SA.1.18
506,Samuel is Born and Dedicated,1SA.1.19,1SA.1.28
507,Hannah’s Prayer,1SA.2.1,1SA.2.11
508,The Wicked Sons of Eli,1SA.2.12,1SA.2.17
509,Samuel’s Childhood Ministry,1SA.2.18,1SA.2.21
510,Prophecy Against Eli’s Household,1SA.2.22,1SA.2.36
511,Samuel’s First Prophecy,1SA.3.1,1SA.3.21
512,The Ark of God Captured,1SA.4.1,1SA.4.11
513,Death of Eli,1SA.4.12,1SA.4.18
514,Ichabod,1SA.4.19,1SA.4.22
515,The Philistines and the Ark,1SA.5.1,1SA.5.12
516,The Ark Returned to Israel,1SA.6.1,1SA.6.19
517,The Ark at Kirjath Jearim,1SA.6.20,1SA.7.1
518,Samuel Judges Israel,1SA.7.2,1SA.7.17
519,Israel Demands a King,1SA.8.1,1SA.8.22
520,Saul Chosen to Be King,1SA.9.1,1SA.9.26
521,Saul Anointed King,1SA.9.27,1SA.10.16
522,Saul Proclaimed King,1SA.10.17,1SA.10.27
523,Saul Saves Jabesh Gilead,1SA.11.1,1SA.11.15
524,Samuel’s Address at Saul’s Coronation,1SA.12.1,1SA.12.25
525,Saul’s Unlawful Sacrifice,1SA.13.1,1SA.13.15
526,No Weapons for the Army,1SA.13.16,1SA.13.23
527,Jonathan Defeats the Philistines,1SA.14.1,1SA.14.23
528,Saul’s Rash Oath,1SA.14.24,1SA.14.46
529,Saul’s Continuing Wars,1SA.14.47,1SA.14.52
530,Saul Spares King Agag,1SA.15.1,1SA.15.9
531,Saul Rejected as King,1SA.15.10,1SA.15.35
532,David Anointed King,1SA.16.1,1SA.16.13
533,A Distressing Spirit Troubles Saul,1SA.16.14,1SA.16.23
534,David and Goliath,1SA.17.1,1SA.17.58
535,Saul Resents David,1SA.18.1,1SA.18.16
536,David Marries Michal,1SA.18.17,1SA.18.30
537,Saul Persecutes David,1SA.19.1,1SA.19.24
538,Jonathan’s Loyalty to David,1SA.20.1,1SA.20.42
539,David and the Holy Bread,1SA.21.1,1SA.21.9
540,David Flees to Gath,1SA.21.10,1SA.21.15
541,David’s Four Hundred Men,1SA.22.1,1SA.22.5
542,Saul Murders the Priests,1SA.22.6,1SA.22.23
543,David Saves the City of Keilah,1SA.23.1,1SA.23.13
544,David in Wilderness Strongholds,1SA.23.14,1SA.23.29
545,David Spares Saul,1SA.24.1,1SA.24.22
546,Death of Samuel,1SA.25.1,1SA.25.1
547,David and the Wife of Nabal,1SA.25.2,1SA.25.44
548,David Spares Saul a Second Time,1SA.26.1,1SA.26.25
549,David Allied with the Philistines,1SA.27.1,1SA.28.2
550,Saul Consults a Medium,1SA.28.3,1SA.28.25
551,The Philistines Reject David,1SA.29.1,1SA.29.11
552,David’s Conflict with the Amalekites,1SA.30.1,1SA.30.31
553,The Tragic End of Saul and His Sons,1SA.31.1,1SA.31.13
554,The Report of Saul’s Death,2SA.1.1,2SA.1.16
555,The Song of the Bow,2SA.1.17,2SA.1.27
556,David Anointed King of Judah,2SA.2.1,2SA.2.7
557,Ishbosheth Made King of Israel,2SA.2.8,2SA.2.11
558,Israel and Judah at War,2SA.2.12,2SA.3.1
559,Sons of David,2SA.3.2,2SA.3.5
560,Abner Joins Forces with David,2SA.3.6,2SA.3.21
561,Joab Murders Abner,2SA.3.22,2SA.3.30
562,David’s Mourning for Abner,2SA.3.31,2SA.3.39
563,Ishbosheth is Murdered,2SA.4.1,2SA.4.12
564,David Reigns Over All Israel,2SA.5.1,2SA.5.5
565,The Conquest of Jerusalem,2SA.5.6,2SA.5.16
566,The Philistines Defeated,2SA.5.17,2SA.5.25
567,The Ark Brought to Jerusalem,2SA.6.1,2SA.6.23
568,God’s Covenant with David,2SA.7.1,2SA.7.17
569,David’s Thanksgiving to God,2SA.7.18,2SA.7.29
570,David’s Further Conquests,2SA.8.1,2SA.8.14
571,David’s Administration,2SA.8.15,2SA.8.18
572,David’s Kindness to Mephibosheth,2SA.9.1,2SA.9.13
573,The Ammonites and Syrians Defeated,2SA.10.1,2SA.10.19
574,"David, Bathsheba, and Uriah",2SA.11.1,2SA.11.27
575,Nathan’s Parable and David’s Confession,2SA.12.1,2SA.12.15
576,The Death of David’s Son,2SA.12.15,2SA.12.23
577,Solomon is Born,2SA.12.24,2SA.12.25
578,Rabbah is Captured,2SA.12.26,2SA.12.31
579,Amnon and Tamar,2SA.13.1,2SA.13.22
580,Absalom Murders Amnon,2SA.13.23,2SA.13.33
581,Absalom Flees to Geshur,2SA.13.34,2SA.13.39
582,Absalom Returns to Jerusalem,2SA.14.1,2SA.14.24
583,David Forgives Absalom,2SA.14.25,2SA.14.33
584,Absalom’s Treason,2SA.15.1,2SA.15.12
585,David Escapes from Jerusalem,2SA.15.13,2SA.15.37
586,Mephibosheth’s Servant,2SA.16.1,2SA.16.4
587,Shimei Curses David,2SA.16.5,2SA.16.14
588,The Advice of Ahithophel,2SA.16.15,2SA.17.4
589,The Advice of Hushai,2SA.17.5,2SA.17.14
590,Hushai Warns David to Escape,2SA.17.15,2SA.17.29
591,Absalom’s Defeat and Death,2SA.18.1,2SA.18.18
592,David Hears of Absalom’s Death,2SA.18.19,2SA.18.32
593,David’s Mourning for Absalom,2SA.18.33,2SA.19.8
594,David Returns to Jerusalem,2SA.19.9,2SA.19.18
595,David’s Mercy to Shimei,2SA.19.18,2SA.19.23
596,David and Mephibosheth Meet,2SA.19.24,2SA.19.30
597,David’s Kindness to Barzillai,2SA.19.31,2SA.19.39
598,The Quarrel About the King,2SA.19.40,2SA.19.43
599,The Rebellion of Sheba,2SA.20.1,2SA.20.22
600,David’s Government Officers,2SA.20.23,2SA.20.26
601,David Avenges the Gibeonites,2SA.21.1,2SA.21.14
602,Philistine Giants Destroyed,2SA.21.15,2SA.21.22
603,Praise for God’s Deliverance,2SA.22.1,2SA.22.51
604,David’s Last Words,2SA.23.1,2SA.23.7
605,David’s Mighty Men,2SA.23.8,2SA.23.39
606,David’s Census of Israel and Judah,2SA.24.1,2SA.24.9
607,The Judgment on David’s Sin,2SA.24.10,2SA.24.17
608,The Altar on the Threshing Floor,2SA.24.18,2SA.24.25
609,Adonijah Presumes to Be King,1KI.1.1,1KI.1.27
610,David Proclaims Solomon King,1KI.1.28,1KI.1.53
611,David’s Instructions to Solomon,1KI.2.1,1KI.2.9
612,Death of David,1KI.2.10,1KI.2.12
613,Solomon Executes Adonijah,1KI.2.13,1KI.2.25
614,"Abiathar Exiled, Joab Executed",1KI.2.26,1KI.2.35
615,Shimei Executed,1KI.2.36,1KI.2.46
616,Solomon Requests Wisdom,1KI.3.1,1KI.3.15
617,Solomon’s Wise Judgment,1KI.3.16,1KI.3.28
618,Solomon’s Administration,1KI.4.1,1KI.4.19
619,Prosperity and Wisdom of Solomon’s Reign,1KI.4.20,1KI.4.34
620,Solomon Prepares to Build the Temple,1KI.5.1,1KI.5.18
621,Solomon Builds the Temple,1KI.6.1,1KI.6.38
622,Solomon’s Other Buildings,1KI.7.1,1KI.7.12
623,Hiram the Craftsman,1KI.7.13,1KI.7.14
624,The Bronze Pillars for the Temple,1KI.7.15,1KI.7.22
625,The Sea and the Oxen,1KI.7.23,1KI.7.26
626,The Carts and the Lavers,1KI.7.27,1KI.7.39
627,Furnishings of the Temple,1KI.7.40,1KI.7.51
628,The Ark Brought into the Temple,1KI.8.1,1KI.8.13
629,Solomon’s Speech at Completion of the Work,1KI.8.14,1KI.8.21
630,Solomon’s Prayer of Dedication,1KI.8.22,1KI.8.53
631,Solomon Blesses the Assembly,1KI.8.54,1KI.8.61
632,Solomon Dedicates the Temple,1KI.8.62,1KI.8.66
633,God’s Second Appearance to Solomon,1KI.9.1,1KI.9.9
634,Solomon and Hiram Exchange Gifts,1KI.9.10,1KI.9.14
635,Solomon’s Additional Achievements,1KI.9.15,1KI.9.28
636,The Queen of Sheba’s Praise of Solomon,1KI.10.1,1KI.10.13
637,Solomon’s Great Wealth,1KI.10.14,1KI.10.29
638,Solomon’s Heart Turns from the Lord,1KI.11.1,1KI.11.13
639,Adversaries of Solomon,1KI.11.14,1KI.11.25
640,Jeroboam’s Rebellion,1KI.11.26,1KI.11.40
641,Death of Solomon,1KI.11.41,1KI.11.43
642,The Revolt Against Rehoboam,1KI.12.1,1KI.12.24
643,Jeroboam’s Gold Calves,1KI.12.25,1KI.12.33
644,The Message of the Man of God,1KI.13.1,1KI.13.10
645,Death of the Man of God,1KI.13.11,1KI.13.34
646,Judgment on the House of Jeroboam,1KI.14.1,1KI.14.18
647,Death of Jeroboam,1KI.14.19,1KI.14.20
648,Rehoboam Reigns in Judah,1KI.14.21,1KI.14.31
649,Abijam Reigns in Judah,1KI.15.1,1KI.15.8
650,Asa Reigns in Judah,1KI.15.9,1KI.15.24
651,Nadab Reigns in Israel,1KI.15.25,1KI.15.32
652,Baasha Reigns in Israel,1KI.15.33,1KI.16.7
653,Elah Reigns in Israel,1KI.16.8,1KI.16.14
654,Zimri Reigns in Israel,1KI.16.15,1KI.16.20
655,Omri Reigns in Israel,1KI.16.21,1KI.16.28
656,Ahab Reigns in Israel,1KI.16.29,1KI.16.34
657,Elijah Proclaims a Drought,1KI.17.1,1KI.17.7
658,Elijah and the Widow,1KI.17.8,1KI.17.16
659,Elijah Revives the Widow’s Son,1KI.17.17,1KI.17.24
660,Elijah’s Message to Ahab,1KI.18.1,1KI.18.19
661,Elijah’s Mount Carmel Victory,1KI.18.20,1KI.18.40
662,The Drought Ends,1KI.18.41,1KI.18.46
663,Elijah Escapes from Jezebel,1KI.19.1,1KI.19.10
664,God’s Revelation to Elijah,1KI.19.11,1KI.19.18
665,Elisha Follows Elijah,1KI.19.19,1KI.19.21
666,Ahab Defeats the Syrians,1KI.20.1,1KI.20.22
667,The Syrians Again Defeated,1KI.20.23,1KI.20.30
668,Ahab’s Treaty with Ben-Hadad,1KI.20.31,1KI.20.34
669,Ahab Condemned,1KI.20.35,1KI.20.43
670,Naboth is Murdered for His Vineyard,1KI.21.1,1KI.21.16
671,The Lord Condemns Ahab,1KI.21.17,1KI.21.29
672,Micaiah Warns Ahab,1KI.22.1,1KI.22.28
673,Ahab Dies in Battle,1KI.22.29,1KI.22.40
674,Jehoshaphat Reigns in Judah,1KI.22.41,1KI.22.50
675,Ahaziah Reigns in Israel,1KI.22.51,1KI.22.53
676,God Judges Ahaziah,2KI.1.1,2KI.1.18
677,Elijah Ascends to Heaven,2KI.2.1,2KI.2.18
678,Elisha Performs Miracles,2KI.2.19,2KI.2.25
679,Moab Rebels Against Israel,2KI.3.1,2KI.3.27
680,Elisha and the Widow’s Oil,2KI.4.1,2KI.4.7
681,Elisha Raises the Shunammite’s Son,2KI.4.8,2KI.4.37
682,Elisha Purifies the Pot of Stew,2KI.4.38,2KI.4.41
683,Elisha Feeds One Hundred Men,2KI.4.42,2KI.4.44
684,Naaman’s Leprosy Healed,2KI.5.1,2KI.5.19
685,Gehazi’s Greed,2KI.5.20,2KI.5.27
686,The Floating Ax Head,2KI.6.1,2KI.6.7
687,The Blinded Syrians Captured,2KI.6.8,2KI.6.23
688,Syria Besieges Samaria in Famine,2KI.6.24,2KI.7.2
689,The Syrians Flee,2KI.7.3,2KI.7.20
690,The King Restores the Shunammite’s Land,2KI.8.1,2KI.8.6
691,Death of Ben-Hadad,2KI.8.7,2KI.8.15
692,Jehoram Reigns in Judah,2KI.8.16,2KI.8.24
693,Ahaziah Reigns in Judah,2KI.8.25,2KI.8.29
694,Jehu Anointed King of Israel,2KI.9.1,2KI.9.13
695,Joram of Israel Killed,2KI.9.14,2KI.9.26
696,Ahaziah of Judah Killed,2KI.9.27,2KI.9.29
697,Jezebel’s Violent Death,2KI.9.30,2KI.9.37
698,Ahab’s Seventy Sons Killed,2KI.10.1,2KI.10.11
699,Ahaziah’s Forty-Two Brothers Killed,2KI.10.12,2KI.10.14
700,The Rest of Ahab’s Family Killed,2KI.10.15,2KI.10.17
701,Worshipers of Baal Killed,2KI.10.18,2KI.10.31
702,Death of Jehu,2KI.10.32,2KI.10.36
703,Athaliah Reigns in Judah,2KI.11.1,2KI.11.3
704,Joash Crowned King of Judah,2KI.11.4,2KI.11.12
705,Death of Athaliah,2KI.11.13,2KI.11.21
706,Jehoash Repairs the Temple,2KI.12.1,2KI.12.16
707,Hazael Threatens Jerusalem,2KI.12.17,2KI.12.18
708,Death of Joash,2KI.12.19,2KI.12.21
709,Jehoahaz Reigns in Israel,2KI.13.1,2KI.13.9
710,Jehoash Reigns in Israel,2KI.13.10,2KI.13.13
711,Death of Elisha,2KI.13.14,2KI.13.21
712,Israel Recaptures Cities from Syria,2KI.13.22,2KI.13.25
713,Amaziah Reigns in Judah,2KI.14.1,2KI.14.22
714,Jeroboam II Reigns in Israel,2KI.14.23,2KI.14.29
715,Azariah Reigns in Judah,2KI.15.1,2KI.15.7
716,Zechariah Reigns in Israel,2KI.15.8,2KI.15.12
717,Shallum Reigns in Israel,2KI.15.13,2KI.15.16
718,Menahem Reigns in Israel,2KI.15.17,2KI.15.22
719,Pekahiah Reigns in Israel,2KI.15.23,2KI.15.26
720,Pekah Reigns in Israel,2KI.15.27,2KI.15.31
721,Jotham Reigns in Judah,2KI.15.32,2KI.15.38
722,Ahaz Reigns in Judah,2KI.16.1,2KI.16.20
723,Hoshea Reigns in Israel,2KI.17.1,2KI.17.4
724,Israel Carried Captive to Assyria,2KI.17.5,2KI.17.23
725,Assyria Resettles Samaria,2KI.17.24,2KI.17.41
726,Hezekiah Reigns in Judah,2KI.18.1,2KI.18.16
727,Sennacherib Boasts Against the Lord,2KI.18.17,2KI.18.37
728,Isaiah Assures Deliverance,2KI.19.1,2KI.19.7
729,Sennacherib’s Threat and Hezekiah’s Prayer,2KI.19.8,2KI.19.19
730,The Word of the Lord Concerning Sennacherib,2KI.19.20,2KI.19.34
731,Sennacherib’s Defeat and Death,2KI.19.35,2KI.19.37
732,Hezekiah’s Life Extended,2KI.20.1,2KI.20.11
733,The Babylonian Envoys,2KI.20.12,2KI.20.19
734,Death of Hezekiah,2KI.20.20,2KI.20.21
735,Manasseh Reigns in Judah,2KI.21.1,2KI.21.18
736,Amon’s Reign and Death,2KI.21.19,2KI.21.26
737,Josiah Reigns in Judah,2KI.22.1,2KI.22.2
738,Hilkiah Finds the Book of the Law,2KI.22.3,2KI.22.20
739,Josiah Restores True Worship,2KI.23.1,2KI.23.25
740,Impending Judgment on Judah,2KI.23.26,2KI.23.27
741,Josiah Dies in Battle,2KI.23.28,2KI.23.30
742,The Reign and Captivity of Jehoahaz,2KI.23.31,2KI.23.34
743,Jehoiakim Reigns in Judah,2KI.23.35,2KI.23.37
744,Judah Overrun by Enemies,2KI.24.1,2KI.24.7
745,The Reign and Captivity of Jehoiachin,2KI.24.8,2KI.24.12
746,The Captivity of Jerusalem,2KI.24.13,2KI.24.16
747,Zedekiah Reigns in Judah,2KI.24.17,2KI.24.20
748,The Fall and Captivity of Judah,2KI.25.1,2KI.25.21
749,Gedaliah Made Governor of Judah,2KI.25.22,2KI.25.26
750,Jehoiachin Released from Prison,2KI.25.27,2KI.25.30
751,The Family of Adam—Seth to Abraham,1CH.1.1,1CH.1.28
752,The Family of Ishmael,1CH.1.29,1CH.1.31
753,The Family of Keturah,1CH.1.32,1CH.1.33
754,The Family of Isaac,1CH.1.34,1CH.1.37
755,The Family of Seir,1CH.1.38,1CH.1.42
756,The Kings of Edom,1CH.1.43,1CH.1.54
757,The Family of Israel,1CH.2.1,1CH.2.2
758,From Judah to David,1CH.2.3,1CH.2.17
759,The Family of Hezron,1CH.2.18,1CH.2.24
760,The Family of Jerahmeel,1CH.2.25,1CH.2.41
761,The Family of Caleb,1CH.2.42,1CH.2.55
762,The Family of David,1CH.3.1,1CH.3.9
763,The Family of Solomon,1CH.3.10,1CH.3.16
764,The Family of Jeconiah,1CH.3.17,1CH.3.24
765,The Family of Judah,1CH.4.1,1CH.4.23
766,The Family of Simeon,1CH.4.24,1CH.4.43
767,The Family of Reuben,1CH.5.1,1CH.5.10
768,The Family of Gad,1CH.5.11,1CH.5.22
769,The Family of Manasseh (East),1CH.5.23,1CH.5.26
770,The Family of Levi,1CH.6.1,1CH.6.30
771,Musicians in the House of the Lord,1CH.6.31,1CH.6.48
772,The Family of Aaron,1CH.6.49,1CH.6.53
773,Dwelling Places of the Levites,1CH.6.54,1CH.6.81
774,The Family of Issachar,1CH.7.1,1CH.7.5
775,The Family of Benjamin,1CH.7.6,1CH.7.12
776,The Family of Naphtali,1CH.7.13,1CH.7.13
777,The Family of Manasseh (West,1CH.7.14,1CH.7.19
778,The Family of Ephraim,1CH.7.20,1CH.7.29
779,The Family of Asher,1CH.7.30,1CH.7.40
780,The Family Tree of King Saul of Benjamin,1CH.8.1,1CH.9.2
781,Dwellers in Jerusalem,1CH.9.3,1CH.9.9
782,The Priests at Jerusalem,1CH.9.10,1CH.9.13
783,The Levites at Jerusalem,1CH.9.14,1CH.9.16
784,The Levite Gatekeepers,1CH.9.17,1CH.9.27
785,Other Levite Responsibilities,1CH.9.28,1CH.9.34
786,The Family of King Saul,1CH.9.35,1CH.9.44
787,Tragic End of Saul and His Sons,1CH.10.1,1CH.10.14
788,David Made King Over All Israel,1CH.11.1,1CH.11.3
789,The City of David,1CH.11.4,1CH.11.9
790,The Mighty Men of David,1CH.11.10,1CH.11.47
791,The Growth of David’s Army,1CH.12.1,1CH.12.22
792,David’s Army at Hebron,1CH.12.23,1CH.12.40
793,The Ark Brought from Kirjath Jearim,1CH.13.1,1CH.13.14
794,David Established at Jerusalem,1CH.14.1,1CH.14.7
795,The Philistines Defeated,1CH.14.8,1CH.14.17
796,The Ark Brought to Jerusalem,1CH.15.1,1CH.15.29
797,The Ark Placed in the Tabernacle,1CH.16.1,1CH.16.6
798,David’s Song of Thanksgiving,1CH.16.7,1CH.16.36
799,Regular Worship Maintained,1CH.16.37,1CH.16.43
800,God’s Covenant with David,1CH.17.1,1CH.17.27
801,David’s Further Conquests,1CH.18.1,1CH.18.13
802,David’s Administration,1CH.18.14,1CH.18.17
803,The Ammonites and Syrians Defeated,1CH.19.1,1CH.19.19
804,Rabbah is Conquered,1CH.20.1,1CH.20.3
805,Philistine Giants Destroyed,1CH.20.4,1CH.20.8
806,The Census of Israel and Judah,1CH.21.1,1CH.21.30
807,David Prepares to Build the Temple,1CH.22.1,1CH.22.19
808,The Divisions of the Levites,1CH.23.1,1CH.23.32
809,The Divisions of the Priests,1CH.24.1,1CH.24.19
810,Other Levites,1CH.24.20,1CH.24.31
811,The Musicians,1CH.25.1,1CH.25.31
812,The Gatekeepers,1CH.26.1,1CH.26.19
813,The Treasuries and Other Duties,1CH.26.20,1CH.26.32
814,The Military Divisions,1CH.27.1,1CH.27.15
815,Leaders of Tribes,1CH.27.16,1CH.27.24
816,Other State Officials,1CH.27.25,1CH.27.34
817,Solomon Instructed to Build the Temple,1CH.28.1,1CH.28.21
818,Offerings for Building the Temple,1CH.29.1,1CH.29.9
819,David’s Praise to God,1CH.29.10,1CH.29.20
820,Solomon Anointed King,1CH.29.21,1CH.29.25
821,The Close of David’s Reign,1CH.29.26,1CH.29.30
822,Solomon Requests Wisdom,2CH.1.1,2CH.1.12
823,Solomon’s Military and Economic Power,2CH.1.13,2CH.1.17
824,Solomon Prepares to Build the Temple,2CH.2.1,2CH.2.18
825,Solomon Builds the Temple,2CH.3.1,2CH.3.17
826,Furnishings of the Temple,2CH.4.1,2CH.5.1
827,The Ark Brought into the Temple,2CH.5.2,2CH.6.2
828,Solomon’s Speech Upon Completion of the Work,2CH.6.3,2CH.6.11
829,Solomon’s Prayer of Dedication,2CH.6.12,2CH.6.42
830,Solomon Dedicates the Temple,2CH.7.1,2CH.7.11
831,God’s Second Appearance to Solomon,2CH.7.12,2CH.7.22
832,Solomon’s Additional Achievements,2CH.8.1,2CH.8.18
833,The Queen of Sheba’s Praise of Solomon,2CH.9.1,2CH.9.12
834,Solomon’s Great Wealth,2CH.9.13,2CH.9.28
835,Death of Solomon,2CH.9.29,2CH.9.31
836,The Revolt Against Rehoboam,2CH.10.1,2CH.11.4
837,Rehoboam Fortifies the Cities,2CH.11.5,2CH.11.12
838,Priests and Levites Move to Judah,2CH.11.13,2CH.11.17
839,The Family of Rehoboam,2CH.11.18,2CH.11.23
840,Egypt Attacks Judah,2CH.12.1,2CH.12.12
841,The End of Rehoboam’s Reign,2CH.12.13,2CH.12.16
842,Abijah Reigns in Judah,2CH.13.1,2CH.14.1
843,Asa Reigns in Judah,2CH.14.2,2CH.14.15
844,The Reforms of Asa,2CH.15.1,2CH.15.19
845,Asa’s Treaty with Syria,2CH.16.1,2CH.16.6
846,Hanani’s Message to Asa,2CH.16.7,2CH.16.10
847,Illness and Death of Asa,2CH.16.11,2CH.16.14
848,Jehoshaphat Reigns in Judah,2CH.17.1,2CH.17.19
849,Micaiah Warns Ahab,2CH.18.1,2CH.18.27
850,Ahab Dies in Battle,2CH.18.28,2CH.19.3
851,The Reforms of Jehoshaphat,2CH.19.4,2CH.19.11
852,"Ammon, Moab, and Mount Seir Defeated",2CH.20.1,2CH.20.30
853,The End of Jehoshaphat’s Reign,2CH.20.31,2CH.20.37
854,Jehoram Reigns in Judah,2CH.21.1,2CH.21.20
855,Ahaziah Reigns in Judah,2CH.22.1,2CH.22.9
856,Athaliah Reigns in Judah,2CH.22.10,2CH.22.12
857,Joash Crowned King of Judah,2CH.23.1,2CH.23.11
858,Death of Athaliah,2CH.23.12,2CH.23.21
859,Joash Repairs the Temple,2CH.24.1,2CH.24.14
860,Apostasy of Joash,2CH.24.15,2CH.24.22
861,Death of Joash,2CH.24.23,2CH.24.27
862,Amaziah Reigns in Judah,2CH.25.1,2CH.25.4
863,The War Against Edom,2CH.25.5,2CH.25.16
864,Israel Defeats Judah,2CH.25.17,2CH.25.24
865,Death of Amaziah,2CH.25.25,2CH.25.28
866,Uzziah Reigns in Judah,2CH.26.1,2CH.26.15
867,The Penalty for Uzziah’s Pride,2CH.26.16,2CH.26.23
868,Jotham Reigns in Judah,2CH.27.1,2CH.27.9
869,Ahaz Reigns in Judah,2CH.28.1,2CH.28.4
870,Ahaz Reigns in Judah,2CH.28.5,2CH.28.8
871,Israel Returns the Captives,2CH.28.9,2CH.28.15
872,Assyria Refuses to Help Judah,2CH.28.16,2CH.28.21
873,Apostasy and Death of Ahaz,2CH.28.22,2CH.28.27
874,Hezekiah Reigns in Judah,2CH.29.1,2CH.29.2
875,Hezekiah Cleanses the Temple,2CH.29.3,2CH.29.19
876,Hezekiah Restores Temple Worship,2CH.29.20,2CH.29.36
877,Hezekiah Keeps the Passover,2CH.30.1,2CH.30.27
878,The Reforms of Hezekiah,2CH.31.1,2CH.31.21
879,Sennacherib Boasts Against the Lord,2CH.32.1,2CH.32.19
880,Sennacherib’s Defeat and Death,2CH.32.20,2CH.32.23
881,Hezekiah Humbles Himself,2CH.32.24,2CH.32.26
882,Hezekiah’s Wealth and Honor,2CH.32.27,2CH.32.31
883,Death of Hezekiah,2CH.32.32,2CH.32.33
884,Manasseh Reigns in Judah,2CH.33.1,2CH.33.9
885,Manasseh Restored After Repentance,2CH.33.10,2CH.33.17
886,Death of Manasseh,2CH.33.18,2CH.33.20
887,Amon’s Reign and Death,2CH.33.21,2CH.33.25
888,Josiah Reigns in Judah,2CH.34.1,2CH.34.7
889,Hilkiah Finds the Book of the Law,2CH.34.8,2CH.34.28
890,Josiah Restores True Worship,2CH.34.29,2CH.34.33
891,Josiah Keeps the Passover,2CH.35.1,2CH.35.19
892,Josiah Dies in Battle,2CH.35.20,2CH.35.27
893,The Reign and Captivity of Jehoahaz,2CH.36.1,2CH.36.4
894,The Reign and Captivity of Jehoiakim,2CH.36.5,2CH.36.8
895,The Reign and Captivity of Jehoiachin,2CH.36.9,2CH.36.10
896,Zedekiah Reigns in Judah,2CH.36.11,2CH.36.14
897,The Fall of Jerusalem,2CH.36.15,2CH.36.21
898,The Proclamation of Cyrus,2CH.36.22,2CH.36.23
899,End of the Babylonian Captivity,EZR.1.1,EZR.1.11
900,The Captives Who Returned to Jerusalem,EZR.2.1,EZR.2.70
901,Worship Restored at Jerusalem,EZR.3.1,EZR.3.7
902,Restoration of the Temple Begins,EZR.3.8,EZR.3.13
903,Resistance to Rebuilding the Temple,EZR.4.1,EZR.4.5
904,Rebuilding of Jerusalem Opposed,EZR.4.6,EZR.4.24
905,Restoration of the Temple Resumed,EZR.5.1,EZR.5.17
906,The Decree of Darius,EZR.6.1,EZR.6.12
907,The Temple Completed and Dedicated,EZR.6.13,EZR.6.18
908,The Passover Celebrated,EZR.6.19,EZR.6.22
909,The Arrival of Ezra,EZR.7.1,EZR.7.10
910,The Letter of Artaxerxes to Ezra,EZR.7.11,EZR.7.28
911,Heads of Families Who Returned with Ezra,EZR.8.1,EZR.8.14
912,Servants for the Temple,EZR.8.15,EZR.8.20
913,Fasting and Prayer for Protection,EZR.8.21,EZR.8.23
914,Gifts for the Temple,EZR.8.24,EZR.8.30
915,The Return to Jerusalem,EZR.8.31,EZR.8.36
916,Intermarriage with Pagans,EZR.9.1,EZR.9.15
917,Confession of Improper Marriages,EZR.10.1,EZR.10.17
918,Pagan Wives Put Away,EZR.10.18,EZR.10.44
919,Nehemiah Prays for His People,NEH.1.1,NEH.1.11
920,Nehemiah Sent to Judah,NEH.2.1,NEH.2.10
921,Nehemiah Views the Wall of Jerusalem,NEH.2.11,NEH.2.20
922,Rebuilding the Wall,NEH.3.1,NEH.3.32
923,The Wall Defended Against Enemies,NEH.4.1,NEH.4.23
924,Nehemiah Deals with Oppression,NEH.5.1,NEH.5.13
925,The Generosity of Nehemiah,NEH.5.14,NEH.5.19
926,Conspiracy Against Nehemiah,NEH.6.1,NEH.6.14
927,The Wall Completed,NEH.6.15,NEH.7.3
928,The Captives Who Returned to Jerusalem,NEH.7.4,NEH.7.73
929,Ezra Reads the Law,NEH.7.73,NEH.8.12
930,The Feast of Tabernacles,NEH.8.13,NEH.8.18
931,The People Confess Their Sins,NEH.9.1,NEH.9.38
932,The People Who Sealed the Covenant,NEH.10.1,NEH.10.27
933,The Covenant that Was Sealed,NEH.10.28,NEH.10.39
934,The People Dwelling in Jerusalem,NEH.11.1,NEH.11.24
935,The People Dwelling Outside Jerusalem,NEH.11.25,NEH.11.36
936,The Priests and Levites,NEH.12.1,NEH.12.26
937,Nehemiah Dedicates the Wall,NEH.12.27,NEH.12.43
938,Temple Responsibilities,NEH.12.44,NEH.12.47
939,Principles of Separation,NEH.13.1,NEH.13.3
940,The Reforms of Nehemiah,NEH.13.4,NEH.13.31
941,The King Dethrones Queen Vashti,EST.1.1,EST.1.22
942,Esther Becomes Queen,EST.2.1,EST.2.18
943,Mordecai Discovers a Plot,EST.2.19,EST.2.23
944,Haman’s Conspiracy Against the Jews,EST.3.1,EST.3.15
945,Esther Agrees to Help the Jews,EST.4.1,EST.4.17
946,Esther’s Banquet,EST.5.1,EST.5.8
947,Haman’s Plot Against Mordecai,EST.5.9,EST.5.14
948,The King Honors Mordecai,EST.6.1,EST.6.14
949,Haman Hanged Instead of Mordecai,EST.7.1,EST.7.10
950,Esther Saves the Jews,EST.8.1,EST.8.17
951,The Jews Destroy Their Tormentors,EST.9.1,EST.9.17
952,The Feast of Purim,EST.9.18,EST.9.32
953,Mordecai’s Advancement,EST.10.1,EST.10.3
954,Job and His Family in Uz,JOB.1.1,JOB.1.5
955,Satan Attacks Job’s Character,JOB.1.6,JOB.1.12
956,Job Loses His Property and Children,JOB.1.13,JOB.1.22
957,Satan Attacks Job’s Health,JOB.2.1,JOB.2.10
958,Job’s Three Friends,JOB.2.11,JOB.2.13
959,Job Deplores His Birth,JOB.3.1,JOB.3.26
960,Eliphaz: Job Has Sinned,JOB.4.1,JOB.4.21
961,Eliphaz: Job is Chastened by God,JOB.5.1,JOB.5.27
962,Job: My Complaint is Just,JOB.6.1,JOB.6.30
963,Job: My Suffering is Comfortless,JOB.7.1,JOB.7.21
964,Bildad: Job Should Repent,JOB.8.1,JOB.8.22
965,Job: There is No Mediator,JOB.9.1,JOB.9.35
966,Job: I Would Plead with God,JOB.10.1,JOB.10.22
967,Zophar Urges Job to Repent,JOB.11.1,JOB.11.20
968,Job Answers His Critics,JOB.12.1,JOB.13.19
969,Job’s Despondent Prayer,JOB.13.20,JOB.14.22
970,Eliphaz Accuses Job of Folly,JOB.15.1,JOB.15.35
971,Job Reproaches His Pitiless Friends,JOB.16.1,JOB.16.22
972,Job Prays for Relief,JOB.17.1,JOB.17.16
973,Bildad: The Wicked are Punished,JOB.18.1,JOB.18.21
974,Job Trusts in His Redeemer,JOB.19.1,JOB.19.29
975,Zophar’s Sermon on the Wicked Man,JOB.20.1,JOB.20.29
976,Job’s Discourse on the Wicked,JOB.21.1,JOB.21.34
977,Eliphaz Accuses Job of Wickedness,JOB.22.1,JOB.22.30
978,Job Proclaims God’s Righteous Judgments,JOB.23.1,JOB.23.17
979,Job Complains of Violence on the Earth,JOB.24.1,JOB.24.5
980,Bildad: How Can Man Be Righteous?,JOB.25.1,JOB.25.6
981,Job: Man’s Frailty and God’s Majesty,JOB.26.1,JOB.26.14
982,Job Maintains His Integrity,JOB.27.1,JOB.27.23
983,Job’s Discourse on Wisdom,JOB.28.1,JOB.28.28
984,Job’s Summary Defense,JOB.29.1,JOB.31.40
985,Elihu Contradicts Job’s Friends,JOB.32.1,JOB.32.22
986,Elihu Contradicts Job,JOB.33.1,JOB.33.33
987,Elihu Proclaims God’s Justice,JOB.34.1,JOB.34.37
988,Elihu Condemns Self-Righteousness,JOB.35.1,JOB.35.16
989,Elihu Proclaims God’s Goodness,JOB.36.1,JOB.36.23
990,Elihu Proclaims God’s Majesty,JOB.36.24,JOB.37.24
991,The Lord Reveals His Omnipotence to Job,JOB.38.1,JOB.40.2
992,Job’s Response to God,JOB.40.3,JOB.40.5
993,God’s Challenge to Job,JOB.40.6,JOB.41.34
994,Job’s Repentance and Restoration,JOB.42.1,JOB.42.17
995,The Way of the Righteous and the End of the Ungodly,PSA.1.1,PSA.1.6
996,The Messiah’s Triumph and Kingdom,PSA.2.1,PSA.2.12
997,The Lord Helps His Troubled People,PSA.3.1,PSA.3.8
998,The Safety of the Faithful,PSA.4.1,PSA.4.8
999,A Prayer for Guidance,PSA.5.1,PSA.5.12
1000,A Prayer of Faith in Time of Distress,PSA.6.1,PSA.6.10
1001,Prayer and Praise for Deliverance from Enemies,PSA.7.1,PSA.7.17
1002,The Glory of the Lord In Creation,PSA.8.1,PSA.8.9
1003,Prayer and Thanksgiving for the Lord’s Righteous Judgments,PSA.9.1,PSA.9.20
1004,A Song of Confidence in God’s Triumph Over Evil,PSA.10.1,PSA.10.18
1005,Faith in the Lord’s Righteousness,PSA.11.1,PSA.11.7
1006,Man’s Treachery and God’s Constancy,PSA.12.1,PSA.12.8
1007,Trust in the Salvation of the Lord,PSA.13.1,PSA.13.6
1008,"Folly of the Godless, and God’s Final Triumph",PSA.14.1,PSA.14.7
1009,The Character of Those Who May Dwell with the Lord,PSA.15.1,PSA.15.5
1010,"The Hope of the Faithful, and the Messiah’s Victory",PSA.16.1,PSA.16.11
1011,Prayer with Confidence in Final Salvation,PSA.17.1,PSA.17.15
1012,God the Sovereign Savior,PSA.18.1,PSA.18.50
1013,The Perfect Revelation of the Lord,PSA.19.1,PSA.19.14
1014,The Assurance of God’s Saving Work,PSA.20.1,PSA.20.9
1015,Joy in the Salvation of the Lord,PSA.21.1,PSA.21.13
1016,"The Suffering, Praise, and Posterity of the Messiah",PSA.22.1,PSA.22.31
1017,The Lord The Shepherd of His People,PSA.23.1,PSA.23.6
1018,The King of Glory and His Kingdom,PSA.24.1,PSA.24.10
1019,A Plea for Deliverance and Forgiveness,PSA.25.1,PSA.25.22
1020,A Prayer for Divine Scrutiny and Redemption,PSA.26.1,PSA.26.12
1021,An Exuberant Declaration of Faith,PSA.27.1,PSA.27.14
1022,Rejoicing in Answered Prayer,PSA.28.1,PSA.28.9
1023,Praise to God in His Holiness and Majesty,PSA.29.1,PSA.29.11
1024,The Blessedness of Answered Prayer,PSA.30.1,PSA.30.12
1025,The Lord A Fortress in Adversity,PSA.31.1,PSA.31.24
1026,The Joy of Forgiveness,PSA.32.1,PSA.32.11
1027,The Sovereignty of the Lord In Creation and History,PSA.33.1,PSA.33.22
1028,The Happiness of Those Who Trust in God,PSA.34.1,PSA.34.22
1029,The Lord The Avenger of His People,PSA.35.1,PSA.35.28
1030,Man’s Wickedness and God’s Perfections,PSA.36.1,PSA.36.12
1031,The Heritage of the Righteous and the Calamity of the Wicked,PSA.37.1,PSA.37.40
1032,Prayer in Time of Chastening,PSA.38.1,PSA.38.22
1033,Prayer for Wisdom and Forgiveness,PSA.39.1,PSA.39.13
1034,Faith Persevering in Trial,PSA.40.1,PSA.40.17
1035,The Blessing and Suffering of the Godly,PSA.41.1,PSA.41.13
1036,Yearning for God in the Midst of Distresses,PSA.42.1,PSA.42.11
1037,Prayer to God in Time of Trouble,PSA.43.1,PSA.43.5
1038,Redemption Remembered in Present Dishonor,PSA.44.1,PSA.44.26
1039,The Glories of the Messiah and His Bride,PSA.45.1,PSA.45.17
1040,God the Refuge of His People and Conqueror of the Nations,PSA.46.1,PSA.46.11
1041,"Praise to God, the Ruler of the Earth",PSA.47.1,PSA.47.9
1042,The Glory of God in Zion,PSA.48.1,PSA.48.14
1043,The Confidence of the Foolish,PSA.49.1,PSA.49.20
1044,God the Righteous Judge,PSA.50.1,PSA.50.23
1045,A Prayer of Repentance,PSA.51.1,PSA.51.19
1046,The End of the Wicked and the Peace of the Godly,PSA.52.1,PSA.52.9
1047,"Folly of the Godless, and the Restoration of Israel",PSA.53.1,PSA.53.6
1048,Answered Prayer for Deliverance from Adversaries,PSA.54.1,PSA.54.7
1049,Trust in God Concerning the Treachery of Friends,PSA.55.1,PSA.55.23
1050,Prayer for Relief from Tormentors,PSA.56.1,PSA.56.13
1051,Prayer for Safety from Enemies,PSA.57.1,PSA.57.11
1052,The Just Judgment of the Wicked,PSA.58.1,PSA.58.11
1053,The Assured Judgment of the Wicked,PSA.59.1,PSA.59.17
1054,Urgent Prayer for the Restored Favor of God,PSA.60.1,PSA.60.12
1055,Assurance of God’s Eternal Protection,PSA.61.1,PSA.61.8
1056,A Calm Resolve to Wait for the Salvation of God,PSA.62.1,PSA.62.12
1057,Joy in the Fellowship of God,PSA.63.1,PSA.63.11
1058,Oppressed by the Wicked But Rejoicing in the Lord,PSA.64.1,PSA.64.10
1059,Praise to God for His Salvation and Providence,PSA.65.1,PSA.65.13
1060,Praise to God for His Awesome Works,PSA.66.1,PSA.66.20
1061,An Invocation and a Doxology,PSA.67.1,PSA.67.7
1062,The Glory of God in His Goodness to Israel,PSA.68.1,PSA.68.35
1063,An Urgent Plea for Help in Trouble,PSA.69.1,PSA.69.36
1064,Prayer for Relief from Adversaries,PSA.70.1,PSA.70.5
1065,God the Rock of Salvation,PSA.71.1,PSA.71.24
1066,Glory and Universality of the Messiah’s Reign,PSA.72.1,PSA.72.20
1067,"The Tragedy of the Wicked, and the Blessedness of Trust in God",PSA.73.1,PSA.73.28
1068,A Plea for Relief from Oppressors,PSA.74.1,PSA.74.23
1069,Thanksgiving for God’s Righteous Judgment,PSA.75.1,PSA.75.10
1070,The Majesty of God in Judgment,PSA.76.1,PSA.76.12
1071,The Consoling Memory of God’s Redemptive Works,PSA.77.1,PSA.77.20
1072,God’s Kindness to Rebellious Israel,PSA.78.1,PSA.78.72
1073,"A Dirge and a Prayer for Israel, Destroyed by Enemies",PSA.79.1,PSA.79.13
1074,Prayer for Israel’s Restoration,PSA.80.1,PSA.80.19
1075,An Appeal for Israel’s Repentance,PSA.81.1,PSA.81.16
1076,A Plea for Justice,PSA.82.1,PSA.82.8
1077,Prayer to Frustrate Conspiracy Against Israel,PSA.83.1,PSA.83.18
1078,The Blessedness of Dwelling in the House of God,PSA.84.1,PSA.84.12
1079,Prayer that the Lord Will Restore Favor to the Land,PSA.85.1,PSA.85.13
1080,"Prayer for Mercy, with Meditation on the Excellencies of the Lord",PSA.86.1,PSA.86.17
1081,The Glories of the City of God,PSA.87.1,PSA.87.7
1082,A Prayer for Help in Despondency,PSA.88.1,PSA.88.18
1083,"Remembering the Covenant with David, and Sorrow for Lost Blessings",PSA.89.1,PSA.89.52
1084,"The Eternity of God, and Man’s Frailty",PSA.90.1,PSA.90.17
1085,Safety of Abiding in the Presence of God,PSA.91.1,PSA.91.16
1086,Praise to the Lord For His Love and Faithfulness,PSA.92.1,PSA.92.15
1087,The Eternal Reign of the Lord,PSA.93.1,PSA.93.5
1088,God the Refuge of the Righteous,PSA.94.1,PSA.94.23
1089,A Call to Worship and Obedience,PSA.95.1,PSA.95.11
1090,A Song of Praise to God Coming in Judgment,PSA.96.1,PSA.96.13
1091,A Song of Praise to the Sovereign Lord,PSA.97.1,PSA.97.12
1092,A Song of Praise to the Lord For His Salvation and Judgment,PSA.98.1,PSA.98.9
1093,Praise to the Lord For His Holiness,PSA.99.1,PSA.99.9
1094,A Song of Praise for the Lord’s Faithfulness to His People,PSA.100.1,PSA.100.5
1095,Promised Faithfulness to the Lord,PSA.101.1,PSA.101.8
1096,The Lord’s Eternal Love,PSA.102.1,PSA.102.28
1097,Praise for the Lord’s Mercies,PSA.103.1,PSA.103.22
1098,Praise to the Sovereign Lord For His Creation and Providence,PSA.104.1,PSA.104.35
1099,The Eternal Faithfulness of the Lord,PSA.105.1,PSA.105.45
1100,Joy in Forgiveness of Israel’s Sins,PSA.106.1,PSA.106.48
1101,Thanksgiving to the Lord For His Great Works of Deliverance,PSA.107.1,PSA.107.43
1102,Assurance of God’s Victory Over Enemies,PSA.108.1,PSA.108.13
1103,Plea for Judgment of False Accusers,PSA.109.1,PSA.109.31
1104,Announcement of the Messiah’s Reign,PSA.110.1,PSA.110.7
1105,Praise to God for His Faithfulness and Justice,PSA.111.1,PSA.111.10
1106,The Blessed State of the Righteous,PSA.112.1,PSA.112.10
1107,The Majesty and Condescension of God,PSA.113.1,PSA.113.9
1108,The Power of God in His Deliverance of Israel,PSA.114.1,PSA.114.8
1109,The Futility of Idols and the Trustworthiness of God,PSA.115.1,PSA.115.18
1110,Thanksgiving for Deliverance from Death,PSA.116.1,PSA.116.19
1111,Let All Peoples Praise the Lord,PSA.117.1,PSA.117.2
1112,Praise to God for His Everlasting Mercy,PSA.118.1,PSA.118.29
1113,Meditations on the Excellencies of the Word of God,PSA.119.1,PSA.119.176
1114,Plea for Relief from Bitter Foes,PSA.120.1,PSA.120.7
1115,Meditations on the Excellencies of the Word of God: ,PSA.121.1,PSA.121.8
1116,The Joy of Going to the House of the Lord,PSA.122.1,PSA.122.9
1117,Prayer for Relief from Contempt,PSA.123.1,PSA.123.4
1118,The Lord The Defense of His People,PSA.124.1,PSA.124.8
1119,The Lord The Strength of His People,PSA.125.1,PSA.125.5
1120,A Joyful Return to Zion,PSA.126.1,PSA.126.6
1121,Laboring and Prospering with the Lord,PSA.127.1,PSA.127.5
1122,Blessings of Those Who Fear the Lord,PSA.128.1,PSA.128.6
1123,Song of Victory Over Zion’s Enemies,PSA.129.1,PSA.129.8
1124,Waiting for the Redemption of the Lord,PSA.130.1,PSA.130.8
1125,Simple Trust in the Lord,PSA.131.1,PSA.131.3
1126,The Eternal Dwelling of God in Zion,PSA.132.1,PSA.132.18
1127,Blessed Unity of the People of God,PSA.133.1,PSA.133.3
1128,Praising the Lord In His House at Night,PSA.134.1,PSA.134.3
1129,Praise to God in Creation and Redemption,PSA.135.1,PSA.135.21
1130,Thanksgiving to God for His Enduring Mercy,PSA.136.1,PSA.136.26
1131,Longing for Zion in a Foreign Land,PSA.137.1,PSA.137.9
1132,The Lord’s Goodness to the Faithful,PSA.138.1,PSA.138.8
1133,God’s Perfect Knowledge of Man,PSA.139.1,PSA.139.24
1134,Prayer for Deliverance from Evil Men,PSA.140.1,PSA.140.13
1135,Prayer for Safekeeping from Wickedness,PSA.141.1,PSA.141.10
1136,A Plea for Relief from Persecutors,PSA.142.1,PSA.142.7
1137,An Earnest Appeal for Guidance and Deliverance,PSA.143.1,PSA.143.12
1138,A Song to the Lord Who Preserves and Prospers His People,PSA.144.1,PSA.144.15
1139,A Song of God’s Majesty and Love,PSA.145.1,PSA.145.21
1140,The Happiness of Those Whose Help is the Lord,PSA.146.1,PSA.146.10
1141,Praise to God for His Word and Providence,PSA.147.1,PSA.147.20
1142,Praise to the Lord From Creation,PSA.148.1,PSA.148.14
1143,Praise to God for His Salvation and Judgment,PSA.149.1,PSA.149.9
1144,Let All Things Praise the Lord,PSA.150.1,PSA.150.6
1145,The Beginning of Knowledge,PRO.1.1,PRO.1.7
1146,Shun Evil Counsel,PRO.1.8,PRO.1.19
1147,The Call of Wisdom,PRO.1.20,PRO.1.33
1148,The Value of Wisdom,PRO.2.1,PRO.2.22
1149,Guidance for the Young,PRO.3.1,PRO.3.35
1150,Security in Wisdom,PRO.4.1,PRO.4.27
1151,The Peril of Adultery,PRO.5.1,PRO.5.23
1152,Dangerous Promises,PRO.6.1,PRO.6.5
1153,The Folly of Indolence,PRO.6.6,PRO.6.11
1154,The Wicked Man,PRO.6.12,PRO.6.19
1155,Beware of Adultery,PRO.6.20,PRO.7.5
1156,The Crafty Harlot,PRO.7.6,PRO.7.27
1157,The Excellence of Wisdom,PRO.8.1,PRO.8.36
1158,The Way of Wisdom,PRO.9.1,PRO.9.12
1159,The Way of Folly,PRO.9.13,PRO.9.18
1160,Wise Sayings of Solomon,PRO.10.1,PRO.22.16
1161,Sayings of the Wise,PRO.22.17,PRO.24.22
1162,Further Sayings of the Wise,PRO.24.23,PRO.24.34
1163,Further Wise Sayings of Solomon,PRO.25.1,PRO.29.27
1164,The Wisdom of Agur,PRO.30.1,PRO.30.33
1165,The Words of King Lemuel’s Mother,PRO.31.1,PRO.31.9
1166,The Virtuous Wife,PRO.31.10,PRO.31.31
1167,The Vanity of Life,ECC.1.1,ECC.1.11
1168,The Grief of Wisdom,ECC.1.12,ECC.1.18
1169,The Vanity of Pleasure,ECC.2.1,ECC.2.11
1170,The End of the Wise and the Fool,ECC.2.12,ECC.2.26
1171,Everything Has Its Time,ECC.3.1,ECC.3.8
1172,The God-Given Task,ECC.3.9,ECC.3.15
1173,Injustice Seems to Prevail,ECC.3.16,ECC.4.3
1174,The Vanity of Selfish Toil,ECC.4.4,ECC.4.8
1175,The Value of a Friend,ECC.4.9,ECC.4.12
1176,Popularity Passes Away,ECC.4.13,ECC.4.16
1177,"Fear God, Keep Your Vows",ECC.5.1,ECC.5.7
1178,The Vanity of Gain and Honor,ECC.5.8,ECC.6.12
1179,The Value of Practical Wisdom,ECC.7.1,ECC.8.1
1180,Obey Authorities for God’s Sake,ECC.8.2,ECC.8.9
1181,Death Comes to All,ECC.8.10,ECC.9.12
1182,Wisdom Superior to Folly,ECC.9.13,ECC.10.20
1183,The Value of Diligence,ECC.11.1,ECC.11.8
1184,Seek God in Early Life,ECC.11.9,ECC.12.8
1185,The Whole Duty of Man,ECC.12.9,ECC.12.14
1186,The Banquet,SNG.1.1,SNG.2.7
1187,The Beloved’s Request,SNG.2.8,SNG.2.17
1188,A Troubled Night,SNG.3.1,SNG.3.5
1189,The Coming of Solomon,SNG.3.6,SNG.5.1
1190,The Shulamite’s Troubled Evening,SNG.5.2,SNG.6.3
1191,Praise of the Shulamite’s Beauty,SNG.6.4,SNG.6.13
1192,Expressions of Praise,SNG.7.1,SNG.8.4
1193,Love Renewed in Lebanon,SNG.8.5,SNG.8.14
1194,Isaiah,ISA.1.1,ISA.1.1
1195,The Wickedness of Judah,ISA.1.2,ISA.1.20
1196,The Degenerate City,ISA.1.21,ISA.1.31
1197,The Future House of God,ISA.2.1,ISA.2.4
1198,The Day of the Lord,ISA.2.5,ISA.2.22
1199,Judgment on Judah and Jerusalem,ISA.3.1,ISA.3.12
1200,Oppression and Luxury Condemned,ISA.3.13,ISA.4.1
1201,The Renewal of Zion,ISA.4.2,ISA.4.6
1202,God’s Disappointing Vineyard,ISA.5.1,ISA.5.7
1203,Impending Judgment on Excesses,ISA.5.8,ISA.5.30
1204,Isaiah Called to Be a Prophet,ISA.6.1,ISA.6.13
1205,Isaiah Sent to King Ahaz,ISA.7.1,ISA.7.9
1206,The Immanuel Prophecy,ISA.7.10,ISA.7.25
1207,Assyria Will Invade the Land,ISA.8.1,ISA.8.10
1208,"Fear God, Heed His Word",ISA.8.11,ISA.8.22
1209,The Government of the Promised Son,ISA.9.1,ISA.9.7
1210,The Punishment of Samaria,ISA.9.8,ISA.10.4
1211,Arrogant Assyria Also Judged,ISA.10.5,ISA.10.19
1212,The Returning Remnant of Israel,ISA.10.20,ISA.10.34
1213,The Reign of Jesse’s Offspring,ISA.11.1,ISA.11.16
1214,A Hymn of Praise,ISA.12.1,ISA.12.6
1215,Proclamation Against Babylon,ISA.13.1,ISA.13.22
1216,Mercy on Jacob,ISA.14.1,ISA.14.2
1217,Fall of the King of Babylon,ISA.14.3,ISA.14.11
1218,The Fall of Lucifer,ISA.14.12,ISA.14.21
1219,Babylon Destroyed,ISA.14.22,ISA.14.23
1220,Assyria Destroyed,ISA.14.24,ISA.14.27
1221,Philistia Destroyed,ISA.14.28,ISA.14.32
1222,Proclamation Against Moab,ISA.15.1,ISA.15.9
1223,Moab Destroyed,ISA.16.1,ISA.16.14
1224,Proclamation Against Syria and Israel,ISA.17.1,ISA.17.14
1225,Proclamation Against Ethiopia,ISA.18.1,ISA.18.7
1226,Proclamation Against Egypt,ISA.19.1,ISA.19.17
1227,"Egypt, Assyria, and Israel Blessed",ISA.19.18,ISA.19.25
1228,The Sign Against Egypt and Ethiopia,ISA.20.1,ISA.20.6
1229,The Fall of Babylon Proclaimed,ISA.21.1,ISA.21.10
1230,Proclamation Against Edom,ISA.21.11,ISA.21.12
1231,Proclamation Against Arabia,ISA.21.13,ISA.21.17
1232,Proclamation Against Jerusalem,ISA.22.1,ISA.22.14
1233,The Judgment on Shebna,ISA.22.15,ISA.22.25
1234,Proclamation Against Tyre,ISA.23.1,ISA.23.18
1235,Impending Judgment on the Earth,ISA.24.1,ISA.24.23
1236,Praise to God,ISA.25.1,ISA.25.12
1237,A Song of Salvation,ISA.26.1,ISA.26.19
1238,Take Refuge from the Coming Judgment,ISA.26.20,ISA.27.1
1239,The Restoration of Israel,ISA.27.2,ISA.27.13
1240,Woe to Ephraim and Jerusalem,ISA.28.1,ISA.28.15
1241,A Cornerstone in Zion,ISA.28.16,ISA.28.22
1242,Listen to the Teaching of God,ISA.28.23,ISA.28.29
1243,Woe to Jerusalem,ISA.29.1,ISA.29.8
1244,The Blindness of Disobedience,ISA.29.9,ISA.29.16
1245,Future Recovery of Wisdom,ISA.29.17,ISA.29.24
1246,Futile Confidence in Egypt,ISA.30.1,ISA.30.7
1247,A Rebellious People,ISA.30.8,ISA.30.17
1248,God Will Be Gracious,ISA.30.18,ISA.30.26
1249,Judgment on Assyria,ISA.30.27,ISA.30.33
1250,The Folly of Not Trusting God,ISA.31.1,ISA.31.3
1251,God Will Deliver Jerusalem,ISA.31.4,ISA.31.9
1252,A Reign of Righteousness,ISA.32.1,ISA.32.8
1253,Consequences of Complacency,ISA.32.9,ISA.32.15
1254,The Peace of God’s Reign,ISA.32.16,ISA.32.20
1255,A Prayer in Deep Distress,ISA.33.1,ISA.33.9
1256,Impending Judgment on Zion,ISA.33.10,ISA.33.16
1257,The Land of the Majestic King,ISA.33.17,ISA.33.24
1258,Judgment on the Nations,ISA.34.1,ISA.34.17
1259,The Future Glory of Zion,ISA.35.1,ISA.35.10
1260,Sennacherib Boasts Against the Lord,ISA.36.1,ISA.36.22
1261,Isaiah Assures Deliverance,ISA.37.1,ISA.37.7
1262,Sennacherib’s Threat and Hezekiah’s Prayer,ISA.37.8,ISA.37.20
1263,The Word of the Lord Concerning Sennacherib,ISA.37.21,ISA.37.35
1264,Sennacherib’s Defeat and Death,ISA.37.36,ISA.37.38
1265,Hezekiah’s Life Extended,ISA.38.1,ISA.38.22
1266,The Babylonian Envoys,ISA.39.1,ISA.39.8
1267,God’s People Are Comforted,ISA.40.1,ISA.40.31
1268,Israel Assured of God’s Help,ISA.41.1,ISA.41.20
1269,The Futility of Idols,ISA.41.21,ISA.41.29
1270,The Servant of the Lord,ISA.42.1,ISA.42.9
1271,Praise to the Lord,ISA.42.10,ISA.42.13
1272,Promise of the Lord’s Help,ISA.42.14,ISA.42.20
1273,Israel’s Obstinate Disobedience,ISA.42.21,ISA.42.25
1274,The Redeemer of Israel,ISA.43.1,ISA.43.21
1275,Pleading with Unfaithful Israel,ISA.43.22,ISA.43.28
1276,God’s Blessing on Israel,ISA.44.1,ISA.44.5
1277,There Is No Other God,ISA.44.6,ISA.44.8
1278,Idolatry Is Foolishness,ISA.44.9,ISA.44.20
1279,Israel Is Not Forgotten,ISA.44.21,ISA.44.23
1280,Judah Will Be Restored,ISA.44.24,ISA.44.28
1281,"Cyrus, God’s Instrument",ISA.45.1,ISA.45.13
1282,"The Lord, the Only Savior",ISA.45.14,ISA.45.25
1283,Dead Idols and the Living God,ISA.46.1,ISA.46.13
1284,The Humiliation of Babylon,ISA.47.1,ISA.47.15
1285,Israel Refined for God’s Glory,ISA.48.1,ISA.48.11
1286,God’s Ancient Plan to Redeem Israel,ISA.48.12,ISA.48.22
1287,"The Servant, the Light to the Gentiles",ISA.49.1,ISA.49.13
1288,God Will Remember Zion,ISA.49.14,ISA.49.26
1289,"The Servant, Israel’s Hope",ISA.50.1,ISA.50.11
1290,The Lord Comforts Zion,ISA.51.1,ISA.51.16
1291,God’s Fury Removed,ISA.51.17,ISA.51.23
1292,God Redeems Jerusalem,ISA.52.1,ISA.52.12
1293,The Sin-Bearing Servant,ISA.52.13,ISA.53.12
1294,A Perpetual Covenant of Peace,ISA.54.1,ISA.54.17
1295,An Invitation to Abundant Life,ISA.55.1,ISA.55.13
1296,Salvation for the Gentiles,ISA.56.1,ISA.56.8
1297,Israel’s Irresponsible Leaders,ISA.56.9,ISA.56.12
1298,Israel’s Futile Idolatry,ISA.57.1,ISA.57.13
1299,Healing for the Backslider,ISA.57.14,ISA.57.21
1300,Fasting that Pleases God,ISA.58.1,ISA.58.14
1301,Separated from God,ISA.59.1,ISA.59.8
1302,Sin Confessed,ISA.59.9,ISA.59.15
1303,The Redeemer of Zion,ISA.59.15,ISA.59.21
1304,The Gentiles Bless Zion,ISA.60.1,ISA.60.18
1305,God the Glory of His People,ISA.60.19,ISA.60.22
1306,The Good News of Salvation,ISA.61.1,ISA.61.11
1307,Assurance of Zion’s Salvation,ISA.62.1,ISA.62.12
1308,The Lord in Judgment and Salvation,ISA.63.1,ISA.63.6
1309,God’s Mercy Remembered,ISA.63.7,ISA.63.14
1310,A Prayer of Penitence,ISA.63.15,ISA.64.12
1311,The Righteousness of God’s Judgment,ISA.65.1,ISA.65.16
1312,The Glorious New Creation,ISA.65.17,ISA.65.25
1313,True Worship and False,ISA.66.1,ISA.66.4
1314,The Lord Vindicates Zion,ISA.66.5,ISA.66.13
1315,The Reign and Indignation of God,ISA.66.14,ISA.66.24
1316,Jeremiah,JER.1.1,JER.1.3
1317,The Prophet Is Called,JER.1.4,JER.1.19
1318,God’s Case Against Israel,JER.2.1,JER.2.37
1319,Israel Is Shameless,JER.3.1,JER.3.5
1320,A Call to Repentance,JER.3.6,JER.4.4
1321,An Imminent Invasion,JER.4.5,JER.4.18
1322,Sorrow for the Doomed Nation,JER.4.19,JER.4.31
1323,The Justice of God’s Judgment,JER.5.1,JER.5.31
1324,Impending Destruction from the North,JER.6.1,JER.6.30
1325,Trusting in Lying Words,JER.7.1,JER.7.27
1326,Judgment on Obscene Religion,JER.7.28,JER.8.3
1327,The Peril of False Teaching,JER.8.4,JER.8.17
1328,The Prophet Mourns for the People,JER.8.18,JER.9.16
1329,The People Mourn in Judgment,JER.9.17,JER.9.26
1330,Idols and the True God,JER.10.1,JER.10.16
1331,The Coming Captivity of Judah,JER.10.17,JER.10.25
1332,The Broken Covenant,JER.11.1,JER.11.17
1333,Jeremiah’s Life Threatened,JER.11.18,JER.11.23
1334,Jeremiah’s Question,JER.12.1,JER.12.4
1335,The Lord Answers Jeremiah,JER.12.5,JER.12.17
1336,Symbol of the Linen Sash,JER.13.1,JER.13.11
1337,Symbol of the Wine Bottles,JER.13.12,JER.13.14
1338,Pride Precedes Captivity,JER.13.15,JER.13.27
1339,"Sword, Famine, and Pestilence",JER.14.1,JER.14.18
1340,The People Plead for Mercy,JER.14.19,JER.14.22
1341,The Lord Will Not Relent,JER.15.1,JER.15.9
1342,Jeremiah’s Dejection,JER.15.10,JER.15.18
1343,The Lord Reassures Jeremiah,JER.15.19,JER.15.21
1344,Jeremiah’s Life-Style and Message,JER.16.1,JER.16.13
1345,God Will Restore Israel,JER.16.14,JER.16.21
1346,Judah’s Sin and Punishment,JER.17.1,JER.17.13
1347,Jeremiah Prays for Deliverance,JER.17.14,JER.17.18
1348,Hallow the Sabbath Day,JER.17.19,JER.17.27
1349,The Potter and the Clay,JER.18.1,JER.18.11
1350,God’s Warning Rejected,JER.18.12,JER.18.17
1351,Jeremiah Persecuted,JER.18.18,JER.18.23
1352,The Sign of the Broken Flask,JER.19.1,JER.19.15
1353,The Word of God to Pashhur,JER.20.1,JER.20.6
1354,Jeremiah’s Unpopular Ministry,JER.20.7,JER.20.18
1355,Jerusalem’s Doom Is Sealed,JER.21.1,JER.21.10
1356,Message to the House of David,JER.21.11,JER.22.10
1357,Message to the Sons of Josiah,JER.22.11,JER.22.23
1358,Message to Coniah,JER.22.24,JER.22.30
1359,The Branch of Righteousness,JER.23.1,JER.23.8
1360,False Prophets and Empty Oracles,JER.23.9,JER.23.40
1361,The Sign of Two Baskets of Figs,JER.24.1,JER.24.10
1362,Seventy Years of Desolation,JER.25.1,JER.25.14
1363,Judgment on the Nations,JER.25.15,JER.25.38
1364,Jeremiah Saved from Death,JER.26.1,JER.26.24
1365,Symbol of the Bonds and Yokes,JER.27.1,JER.27.22
1366,Hananiah’s Falsehood and Doom,JER.28.1,JER.28.17
1367,Jeremiah’s Letter to the Captives,JER.29.1,JER.29.32
1368,Restoration of Israel and Judah,JER.30.1,JER.30.24
1369,The Remnant of Israel Saved,JER.31.1,JER.31.14
1370,Mercy on Ephraim,JER.31.15,JER.31.22
1371,Future Prosperity of Judah,JER.31.23,JER.31.30
1372,A New Covenant,JER.31.31,JER.31.40
1373,Jeremiah Buys a Field,JER.32.1,JER.32.15
1374,Jeremiah Prays for Understanding,JER.32.16,JER.32.25
1375,God’s Assurance of the People’s Return,JER.32.26,JER.32.44
1376,Excellence of the Restored Nation,JER.33.1,JER.33.18
1377,The Permanence of God’s Covenant,JER.33.19,JER.33.26
1378,Zedekiah Warned by God,JER.34.1,JER.34.7
1379,Treacherous Treatment of Slaves,JER.34.8,JER.34.22
1380,The Obedient Rechabites,JER.35.1,JER.35.19
1381,The Scroll Read in the Temple,JER.36.1,JER.36.10
1382,The Scroll Read in the Palace,JER.36.11,JER.36.19
1383,The King Destroys Jeremiah’s Scroll,JER.36.20,JER.36.26
1384,Jeremiah Rewrites the Scroll,JER.36.27,JER.36.32
1385,Zedekiah’s Vain Hope,JER.37.1,JER.37.10
1386,Jeremiah Imprisoned,JER.37.11,JER.37.21
1387,Jeremiah in the Dungeon,JER.38.1,JER.38.13
1388,Zedekiah’s Fears and Jeremiah’s Advice,JER.38.14,JER.38.28
1389,The Fall of Jerusalem,JER.39.1,JER.39.10
1390,Jeremiah Goes Free,JER.39.11,JER.39.18
1391,Jeremiah with Gedaliah the Governor,JER.40.1,JER.40.16
1392,Insurrection Against Gedaliah,JER.41.1,JER.41.18
1393,The Flight to Egypt Forbidden,JER.42.1,JER.42.22
1394,Jeremiah Taken to Egypt,JER.43.1,JER.43.13
1395,Israelites Will Be Punished in Egypt,JER.44.1,JER.44.30
1396,Assurance to Baruch,JER.45.1,JER.45.5
1397,Judgment on Egypt,JER.46.1,JER.46.12
1398,Babylonia Will Strike Egypt,JER.46.13,JER.46.26
1399,God Will Preserve Israel,JER.46.27,JER.46.28
1400,Judgment on Philistia,JER.47.1,JER.47.7
1401,Judgment on Moab,JER.48.1,JER.48.47
1402,Judgment on Ammon,JER.49.1,JER.49.6
1403,Judgment on Edom,JER.49.7,JER.49.22
1404,Judgment on Damascus,JER.49.23,JER.49.27
1405,Judgment on Kedar and Hazor,JER.49.28,JER.49.33
1406,Judgment on Elam,JER.49.34,JER.49.39
1407,Judgment on Babylon and Babylonia,JER.50.1,JER.50.46
1408,The Utter Destruction of Babylon,JER.51.1,JER.51.58
1409,Jeremiah’s Command to Seraiah,JER.51.59,JER.51.64
1410,The Fall of Jerusalem Reviewed,JER.52.1,JER.52.11
1411,The Temple and City Plundered and Burned,JER.52.12,JER.52.23
1412,The People Taken Captive to Babylonia,JER.52.24,JER.52.30
1413,Jehoiachin Released from Prison,JER.52.31,JER.52.34
1414,Jerusalem in Affliction,LAM.1.1,LAM.1.22
1415,God’s Anger with Jerusalem,LAM.2.1,LAM.2.22
1416,The Prophet’s Anguish and Hope,LAM.3.1,LAM.3.66
1417,The Degradation of Zion,LAM.4.1,LAM.4.22
1418,A Prayer for Restoration,LAM.5.1,LAM.5.22
1419,Ezekiel’s Vision of God,EZK.1.1,EZK.1.28
1420,Ezekiel Sent to Rebellious Israel,EZK.1.28,EZK.3.15
1421,Ezekiel Is a Watchman,EZK.3.16,EZK.3.27
1422,The Siege of Jerusalem Portrayed,EZK.4.1,EZK.4.17
1423,A Sword Against Jerusalem,EZK.5.1,EZK.5.17
1424,Judgment on Idolatrous Israel,EZK.6.1,EZK.6.14
1425,Judgment on Israel Is Near,EZK.7.1,EZK.7.27
1426,Abominations in the Temple,EZK.8.1,EZK.8.18
1427,The Wicked Are Slain,EZK.9.1,EZK.9.11
1428,The Glory Departs from the Temple,EZK.10.1,EZK.10.22
1429,Judgment on Wicked Counselors,EZK.11.1,EZK.11.13
1430,God Will Restore Israel,EZK.11.14,EZK.11.25
1431,Judah’s Captivity Portrayed,EZK.12.1,EZK.12.16
1432,Judgment Not Postponed,EZK.12.17,EZK.12.28
1433,Woe to Foolish Prophets,EZK.13.1,EZK.13.23
1434,Idolatry Will Be Punished,EZK.14.1,EZK.14.11
1435,Judgment on Persistent Unfaithfulness,EZK.14.12,EZK.14.23
1436,The Outcast Vine,EZK.15.1,EZK.15.8
1437,God’s Love for Jerusalem,EZK.16.1,EZK.16.14
1438,Jerusalem’s Harlotry,EZK.16.15,EZK.16.30
1439,Jerusalem’s Adultery,EZK.16.31,EZK.16.34
1440,Jerusalem’s Lovers Will Abuse Her,EZK.16.35,EZK.16.43
1441,More Wicked than Samaria and Sodom,EZK.16.44,EZK.16.59
1442,An Everlasting Covenant,EZK.16.60,EZK.16.63
1443,The Eagles and the Vine,EZK.17.1,EZK.17.21
1444,Israel Exalted at Last,EZK.17.22,EZK.17.24
1445,A False Proverb Refuted,EZK.18.1,EZK.18.18
1446,Turn and Live,EZK.18.19,EZK.18.32
1447,Israel Degraded,EZK.19.1,EZK.19.14
1448,The Rebellions of Israel,EZK.20.1,EZK.20.32
1449,God Will Restore Israel,EZK.20.33,EZK.20.44
1450,Fire in the Forest,EZK.20.45,EZK.20.49
1451,"Babylon, the Sword of God",EZK.21.1,EZK.21.27
1452,A Sword Against the Ammonites,EZK.21.28,EZK.21.32
1453,Sins of Jerusalem,EZK.22.1,EZK.22.16
1454,Israel in the Furnace,EZK.22.17,EZK.22.22
1455,Israel’s Wicked Leaders,EZK.22.23,EZK.22.31
1456,Two Harlot Sisters,EZK.23.1,EZK.23.4
1457,"The Older Sister, Samaria",EZK.23.5,EZK.23.10
1458,"The Younger Sister, Jerusalem",EZK.23.11,EZK.23.21
1459,Judgment on Jerusalem,EZK.23.22,EZK.23.35
1460,Both Sisters Judged,EZK.23.36,EZK.23.49
1461,Symbol of the Cooking Pot,EZK.24.1,EZK.24.14
1462,The Prophet’s Wife Dies,EZK.24.15,EZK.24.27
1463,Proclamation Against Ammon,EZK.25.1,EZK.25.7
1464,Proclamation Against Moab,EZK.25.8,EZK.25.11
1465,Proclamation Against Edom,EZK.25.12,EZK.25.14
1466,Proclamation Against Philistia,EZK.25.15,EZK.25.17
1467,Proclamation Against Tyre,EZK.26.1,EZK.26.21
1468,Lamentation for Tyre,EZK.27.1,EZK.27.36
1469,Proclamation Against the King of Tyre,EZK.28.1,EZK.28.10
1470,Lamentation for the King of Tyre,EZK.28.11,EZK.28.19
1471,Proclamation Against Sidon,EZK.28.20,EZK.28.24
1472,Israel’s Future Blessing,EZK.28.25,EZK.28.26
1473,Proclamation Against Egypt,EZK.29.1,EZK.29.16
1474,Babylonia Will Plunder Egypt,EZK.29.17,EZK.29.21
1475,Egypt and Her Allies Will Fall,EZK.30.1,EZK.30.19
1476,Proclamation Against Pharaoh,EZK.30.20,EZK.30.26
1477,Egypt Cut Down Like a Great Tree,EZK.31.1,EZK.31.18
1478,Lamentation for Pharaoh and Egypt,EZK.32.1,EZK.32.16
1479,Egypt and Others Consigned to the Pit,EZK.32.17,EZK.32.32
1480,The Watchman and His Message,EZK.33.1,EZK.33.11
1481,The Fairness of God’s Judgment,EZK.33.12,EZK.33.20
1482,The Fall of Jerusalem,EZK.33.21,EZK.33.22
1483,The Cause of Judah’s Ruin,EZK.33.23,EZK.33.29
1484,Hearing and Not Doing,EZK.33.30,EZK.33.33
1485,Irresponsible Shepherds,EZK.34.1,EZK.34.10
1486,"God, the True Shepherd",EZK.34.11,EZK.34.31
1487,Judgment on Mount Seir,EZK.35.1,EZK.35.15
1488,Blessing on Israel,EZK.36.1,EZK.36.15
1489,The Renewal of Israel,EZK.36.16,EZK.36.38
1490,The Dry Bones Live,EZK.37.1,EZK.37.14
1491,"One Kingdom, One King",EZK.37.15,EZK.37.28
1492,Gog and Allies Attack Israel,EZK.38.1,EZK.38.17
1493,Judgment on Gog,EZK.38.18,EZK.38.23
1494,Gog’s Armies Destroyed,EZK.39.1,EZK.39.10
1495,The Burial of Gog,EZK.39.11,EZK.39.16
1496,A Triumphant Festival,EZK.39.17,EZK.39.20
1497,Israel Restored to the Land,EZK.39.21,EZK.39.29
1498,"A New City, a New Temple",EZK.40.1,EZK.40.5
1499,The Eastern Gateway of the Temple,EZK.40.6,EZK.40.16
1500,The Outer Court,EZK.40.17,EZK.40.19
1501,The Northern Gateway,EZK.40.20,EZK.40.23
1502,The Southern Gateway,EZK.40.24,EZK.40.27
1503,Gateways of the Inner Court,EZK.40.28,EZK.40.37
1504,Where Sacrifices Were Prepared,EZK.40.38,EZK.40.43
1505,Chambers for Singers and Priests,EZK.40.44,EZK.40.46
1506,Dimensions of the Inner Court and Vestibule,EZK.40.47,EZK.40.49
1507,Dimensions of the Sanctuary,EZK.41.1,EZK.41.4
1508,The Side Chambers on the Wall,EZK.41.5,EZK.41.11
1509,The Building at the Western End,EZK.41.12,EZK.41.12
1510,Dimensions and Design of the Temple Area,EZK.41.13,EZK.41.26
1511,The Chambers for the Priests,EZK.42.1,EZK.42.14
1512,Outer Dimensions of the Temple,EZK.42.15,EZK.42.20
1513,"The Temple, the Lord’s Dwelling Place",EZK.43.1,EZK.43.12
1514,Dimensions of the Altar,EZK.43.13,EZK.43.17
1515,Consecrating the Altar,EZK.43.18,EZK.43.27
1516,The East Gate and the Prince,EZK.44.1,EZK.44.3
1517,Those Admitted to the Temple,EZK.44.4,EZK.44.9
1518,Laws Governing Priests,EZK.44.10,EZK.44.31
1519,The Holy District,EZK.45.1,EZK.45.5
1520,Properties of the City and the Prince,EZK.45.6,EZK.45.8
1521,Laws Governing the Prince,EZK.45.9,EZK.45.17
1522,Keeping the Feasts,EZK.45.18,EZK.45.25
1523,The Manner of Worship,EZK.46.1,EZK.46.15
1524,The Prince and Inheritance Laws,EZK.46.16,EZK.46.18
1525,How the Offerings Were Prepared,EZK.46.19,EZK.46.24
1526,The Healing Waters and Trees,EZK.47.1,EZK.47.12
1527,Borders of the Land,EZK.47.13,EZK.47.23
1528,Division of the Land,EZK.48.1,EZK.48.29
1529,The Gates of the City and Its Name,EZK.48.30,EZK.48.35
1530,Daniel and His Friends Obey God,DAN.1.1,DAN.1.21
1531,Nebuchadnezzar’s Dream,DAN.2.1,DAN.2.13
1532,God Reveals Nebuchadnezzar’s Dream,DAN.2.14,DAN.2.23
1533,Daniel Explains the Dream,DAN.2.24,DAN.2.45
1534,Daniel and His Friends Promoted,DAN.2.46,DAN.2.49
1535,The Image of Gold,DAN.3.1,DAN.3.7
1536,Daniel’s Friends Disobey the King,DAN.3.8,DAN.3.18
1537,Saved in Fiery Trial,DAN.3.19,DAN.3.25
1538,Nebuchadnezzar Praises God,DAN.3.26,DAN.3.30
1539,Nebuchadnezzar’s Second Dream,DAN.4.1,DAN.4.18
1540,Daniel Explains the Second Dream,DAN.4.19,DAN.4.27
1541,Nebuchadnezzar’s Humiliation,DAN.4.28,DAN.4.33
1542,Nebuchadnezzar Praises God,DAN.4.34,DAN.4.37
1543,Belshazzar’s Feast,DAN.5.1,DAN.5.12
1544,The Writing on the Wall Explained,DAN.5.13,DAN.5.29
1545,Belshazzar’s Fall,DAN.5.30,DAN.5.31
1546,The Plot Against Daniel,DAN.6.1,DAN.6.9
1547,Daniel in the Lions’ Den,DAN.6.10,DAN.6.17
1548,Daniel Saved from the Lions,DAN.6.18,DAN.6.23
1549,Darius Honors God,DAN.6.24,DAN.6.28
1550,Vision of the Four Beasts,DAN.7.1,DAN.7.8
1551,Vision of the Ancient of Days,DAN.7.9,DAN.7.14
1552,Daniel’s Visions Interpreted,DAN.7.15,DAN.7.28
1553,Vision of a Ram and a Goat,DAN.8.1,DAN.8.14
1554,Gabriel Interprets the Vision,DAN.8.15,DAN.8.27
1555,Daniel’s Prayer for the People,DAN.9.1,DAN.9.19
1556,The Seventy-Weeks Prophecy,DAN.9.20,DAN.9.27
1557,Vision of the Glorious Man,DAN.10.1,DAN.10.9
1558,Prophecies Concerning Persia and Greece,DAN.10.10,DAN.11.4
1559,Warring Kings of North and South,DAN.11.5,DAN.11.28
1560,The Northern King’s Blasphemies,DAN.11.29,DAN.11.39
1561,The Northern King’s Conquests,DAN.11.40,DAN.11.45
1562,Prophecy of the End Time,DAN.12.1,DAN.12.13
1563,Hosea,HOS.1.1,HOS.1.1
1564,The Family of Hosea,HOS.1.2,HOS.1.9
1565,The Restoration of Israel,HOS.1.10,HOS.2.1
1566,God’s Unfaithful People,HOS.2.2,HOS.2.13
1567,God’s Mercy on His People,HOS.2.14,HOS.2.23
1568,Israel Will Return to God,HOS.3.1,HOS.3.5
1569,God’s Charge Against Israel,HOS.4.1,HOS.4.10
1570,The Idolatry of Israel,HOS.4.11,HOS.4.19
1571,Impending Judgment on Israel and Judah,HOS.5.1,HOS.5.15
1572,A Call to Repentance,HOS.6.1,HOS.6.3
1573,Impenitence of Israel and Judah,HOS.6.4,HOS.7.10
1574,Futile Reliance on the Nations,HOS.7.11,HOS.7.16
1575,The Apostasy of Israel,HOS.8.1,HOS.8.14
1576,Judgment of Israel’s Sin,HOS.9.1,HOS.9.17
1577,Israel’s Sin and Captivity,HOS.10.1,HOS.10.15
1578,God’s Continuing Love for Israel,HOS.11.1,HOS.11.11
1579,God’s Charge Against Ephraim,HOS.11.12,HOS.12.14
1580,Relentless Judgment on Israel,HOS.13.1,HOS.13.16
1581,Israel Restored at Last,HOS.14.1,HOS.14.9
1582,Joel,JOL.1.1,JOL.1.1
1583,The Land Laid Waste,JOL.1.2,JOL.1.12
1584,Mourning for the Land,JOL.1.13,JOL.1.20
1585,The Day of the Lord,JOL.2.1,JOL.2.11
1586,A Call to Repentance,JOL.2.12,JOL.2.17
1587,The Land Refreshed,JOL.2.18,JOL.2.27
1588,God’s Spirit Poured Out,JOL.2.28,JOL.2.32
1589,God Judges the Nations,JOL.3.1,JOL.3.17
1590,God Blesses His People,JOL.3.18,JOL.3.21
1591,Amos,AMO.1.1,AMO.1.2
1592,Judgment on the Nations,AMO.1.3,AMO.2.3
1593,Judgment on Judah,AMO.2.4,AMO.2.5
1594,Judgment on Israel,AMO.2.6,AMO.2.16
1595,Authority of the Prophet’s Message,AMO.3.1,AMO.3.8
1596,Punishment of Israel’s Sins,AMO.3.9,AMO.4.5
1597,Israel Did Not Accept Correction,AMO.4.6,AMO.4.13
1598,A Lament for Israel,AMO.5.1,AMO.5.3
1599,A Call to Repentance,AMO.5.4,AMO.5.15
1600,The Day of the Lord,AMO.5.16,AMO.5.27
1601,Warnings to Zion and Samaria,AMO.6.1,AMO.6.14
1602,Vision of the Locusts,AMO.7.1,AMO.7.3
1603,Vision of the Fire,AMO.7.4,AMO.7.6
1604,Vision of the Plumb Line,AMO.7.7,AMO.7.9
1605,Amaziah’s Complaint,AMO.7.10,AMO.7.17
1606,Vision of the Summer Fruit,AMO.8.1,AMO.8.14
1607,The Destruction of Israel,AMO.9.1,AMO.9.10
1608,Israel Will Be Restored,AMO.9.11,AMO.9.15
1609,The Coming Judgment on Edom,OBA.1.1,OBA.1.9
1610,Edom Mistreated His Brother,OBA.1.10,OBA.1.16
1611,Israel’s Final Triumph,OBA.1.17,OBA.1.21
1612,Jonah’s Disobedience,JON.1.1,JON.1.3
1613,The Storm at Sea,JON.1.4,JON.1.9
1614,Jonah Thrown into the Sea,JON.1.10,JON.1.16
1615,Jonah’s Prayer and Deliverance,JON.1.17,JON.2.10
1616,Jonah Preaches at Nineveh,JON.3.1,JON.3.4
1617,The People of Nineveh Believe,JON.3.5,JON.3.10
1618,Jonah’s Anger and God’s Kindness,JON.4.1,JON.4.11
1619,Micah,MIC.1.1,MIC.1.1
1620,The Coming Judgment on Israel,MIC.1.2,MIC.1.7
1621,Mourning for Israel and Judah,MIC.1.8,MIC.1.16
1622,Woe to Evildoers,MIC.2.1,MIC.2.5
1623,Lying Prophets,MIC.2.6,MIC.2.11
1624,Israel Restored,MIC.2.12,MIC.2.13
1625,Wicked Rulers and Prophets,MIC.3.1,MIC.3.12
1626,The Lord’s Reign in Zion,MIC.4.1,MIC.4.5
1627,Zion’s Future Triumph,MIC.4.6,MIC.5.1
1628,The Coming Messiah,MIC.5.2,MIC.5.5
1629,Judgment on Israel’s Enemies,MIC.5.5,MIC.5.15
1630,God Pleads with Israel,MIC.6.1,MIC.6.8
1631,Punishment of Israel’s Injustice,MIC.6.9,MIC.6.16
1632,Sorrow for Israel’s Sins,MIC.7.1,MIC.7.7
1633,Israel’s Confession and Comfort,MIC.7.8,MIC.7.13
1634,God Will Forgive Israel,MIC.7.14,MIC.7.20
1635,Nahum,NAM.1.1,NAM.1.2
1636,God’s Wrath on His Enemies,NAM.1.2,NAM.1.15
1637,The Destruction of Nineveh,NAM.2.1,NAM.2.13
1638,The Woe of Nineveh,NAM.3.1,NAM.3.19
1639,Habakkuk,HAB.1.1,HAB.1.1
1640,The Prophet’s Question,HAB.1.2,HAB.1.4
1641,The Lord’s Reply,HAB.1.5,HAB.1.11
1642,The Prophet’s Second Question,HAB.1.12,HAB.2.1
1643,The Just Live by Faith,HAB.2.2,HAB.2.4
1644,Woe to the Wicked,HAB.2.5,HAB.2.20
1645,The Prophet’s Prayer,HAB.3.1,HAB.3.16
1646,A Hymn of Faith,HAB.3.17,HAB.3.19
1647,Zephaniah,ZEP.1.1,ZEP.1.1
1648,The Great Day of the Lord,ZEP.1.2,ZEP.1.18
1649,A Call to Repentance,ZEP.2.1,ZEP.2.3
1650,Judgment on Nations,ZEP.2.4,ZEP.2.15
1651,The Wickedness of Jerusalem,ZEP.3.1,ZEP.3.7
1652,A Faithful Remnant,ZEP.3.8,ZEP.3.13
1653,Joy in God’s Faithfulness,ZEP.3.14,ZEP.3.20
1654,The Command to Build God’s House,HAG.1.1,HAG.1.11
1655,The People’s Obedience,HAG.1.12,HAG.1.15
1656,The Coming Glory of God’s House,HAG.2.1,HAG.2.9
1657,The People are Defiled,HAG.2.10,HAG.2.14
1658,Promised Blessing,HAG.2.15,HAG.2.19
1659,Zerubbabel Chosen as a Signet,HAG.2.20,HAG.2.23
1660,A Call to Repentance,ZEC.1.1,ZEC.1.6
1661,Vision of the Horses,ZEC.1.7,ZEC.1.11
1662,The Lord Will Comfort Zion,ZEC.1.12,ZEC.1.17
1663,Vision of the Horns,ZEC.1.18,ZEC.1.21
1664,Vision of the Measuring Line,ZEC.2.1,ZEC.2.5
1665,Future Joy of Zion and Many Nations,ZEC.2.6,ZEC.2.13
1666,Vision of the High Priest,ZEC.3.1,ZEC.3.5
1667,The Coming Branch,ZEC.3.6,ZEC.3.10
1668,Vision of the Lampstand and Olive Trees,ZEC.4.1,ZEC.4.14
1669,Vision of the Flying Scroll,ZEC.5.1,ZEC.5.4
1670,Vision of the Woman in a Basket,ZEC.5.5,ZEC.5.11
1671,Vision of the Four Chariots,ZEC.6.1,ZEC.6.8
1672,The Command to Crown Joshua,ZEC.6.9,ZEC.6.15
1673,Obedience Better than Fasting,ZEC.7.1,ZEC.7.7
1674,Disobedience Resulted in Captivity,ZEC.7.8,ZEC.7.14
1675,"Jerusalem, Holy City of the Future",ZEC.8.1,ZEC.8.23
1676,Israel Defended Against Enemies,ZEC.9.1,ZEC.9.8
1677,The Coming King,ZEC.9.9,ZEC.9.10
1678,God Will Save His People,ZEC.9.11,ZEC.9.17
1679,Restoration of Judah and Israel,ZEC.10.1,ZEC.10.12
1680,Desolation of Israel,ZEC.11.1,ZEC.11.3
1681,Prophecy of the Shepherds,ZEC.11.4,ZEC.11.17
1682,The Coming Deliverance of Judah,ZEC.12.1,ZEC.12.9
1683,Mourning for the Pierced One,ZEC.12.10,ZEC.12.14
1684,Idolatry Cut Off,ZEC.13.1,ZEC.13.6
1685,The Shepherd Savior,ZEC.13.7,ZEC.13.9
1686,The Day of the Lord,ZEC.14.1,ZEC.14.15
1687,The Nations Worship the King,ZEC.14.16,ZEC.14.21
1688,Malachi,MAL.1.1,MAL.1.1
1689,Israel Beloved of God,MAL.1.2,MAL.1.5
1690,Polluted Offerings,MAL.1.6,MAL.1.14
1691,Corrupt Priests,MAL.2.1,MAL.2.9
1692,Treachery of Infidelity,MAL.2.10,MAL.2.17
1693,The Coming Messenger,MAL.3.1,MAL.3.7
1694,Do Not Rob God,MAL.3.8,MAL.3.12
1695,The People Complain Harshly,MAL.3.13,MAL.3.15
1696,A Book of Remembrance,MAL.3.16,MAL.3.18
1697,The Great Day of God,MAL.4.1,MAL.4.6
1698,The Genealogy of Jesus Christ,MAT.1.1,MAT.1.17
1699,Christ Born of Mary,MAT.1.18,MAT.1.25
1700,Wise Men from the East,MAT.2.1,MAT.2.12
1701,The Flight into Egypt,MAT.2.13,MAT.2.15
1702,Massacre of the Innocents,MAT.2.16,MAT.2.18
1703,The Home in Nazareth,MAT.2.19,MAT.2.23
1704,John the Baptist Prepares the Way,MAT.3.1,MAT.3.12
1705,John Baptizes Jesus,MAT.3.13,MAT.3.17
1706,Satan Tempts Jesus,MAT.4.1,MAT.4.11
1707,Jesus Begins His Galilean Ministry,MAT.4.12,MAT.4.17
1708,Four Fishermen Called as Disciples,MAT.4.18,MAT.4.22
1709,Jesus Heals a Great Multitude,MAT.4.23,MAT.4.25
1710,The Beatitudes,MAT.5.1,MAT.5.12
1711,Believers Are Salt and Light,MAT.5.13,MAT.5.16
1712,Christ Fulfills the Law,MAT.5.17,MAT.5.20
1713,Murder Begins in the Heart,MAT.5.21,MAT.5.26
1714,Adultery in the Heart,MAT.5.27,MAT.5.30
1715,Marriage Is Sacred and Binding,MAT.5.31,MAT.5.32
1716,Jesus Forbids Oaths,MAT.5.33,MAT.5.37
1717,Go the Second Mile,MAT.5.38,MAT.5.42
1718,Love Your Enemies,MAT.5.43,MAT.5.48
1719,Do Good to Please God,MAT.6.1,MAT.6.4
1720,The Model Prayer,MAT.6.5,MAT.6.15
1721,Fasting to Be Seen Only by God,MAT.6.16,MAT.6.18
1722,Lay Up Treasures in Heaven,MAT.6.19,MAT.6.21
1723,The Lamp of the Body,MAT.6.22,MAT.6.23
1724,You Cannot Serve God and Riches,MAT.6.24,MAT.6.24
1725,Do Not Worry,MAT.6.25,MAT.6.34
1726,Do Not Judge,MAT.7.1,MAT.7.6
1727,"Keep Asking, Seeking, Knocking",MAT.7.7,MAT.7.12
1728,The Narrow Way,MAT.7.13,MAT.7.14
1729,You Will Know Them by Their Fruits,MAT.7.15,MAT.7.20
1730,I Never Knew You,MAT.7.21,MAT.7.23
1731,Build on the Rock,MAT.7.24,MAT.7.29
1732,Jesus Cleanses a Leper,MAT.8.1,MAT.8.4
1733,Jesus Heals a Centurion’s Servant,MAT.8.5,MAT.8.13
1734,Peter’s Mother-in-Law Healed,MAT.8.14,MAT.8.15
1735,Many Healed in the Evening,MAT.8.16,MAT.8.17
1736,The Cost of Discipleship,MAT.8.18,MAT.8.22
1737,Wind and Wave Obey Jesus,MAT.8.23,MAT.8.27
1738,Two Demon-Possessed Men Healed,MAT.8.28,MAT.8.34
1739,Jesus Forgives and Heals a Paralytic,MAT.9.1,MAT.9.8
1740,Matthew the Tax Collector,MAT.9.9,MAT.9.13
1741,Jesus Is Questioned About Fasting,MAT.9.14,MAT.9.17
1742,A Girl Restored to Life and a Woman Healed,MAT.9.18,MAT.9.26
1743,Two Blind Men Healed,MAT.9.27,MAT.9.31
1744,A Mute Man Speaks,MAT.9.32,MAT.9.34
1745,The Compassion of Jesus,MAT.9.35,MAT.9.38
1746,The Twelve Apostles,MAT.10.1,MAT.10.4
1747,Sending Out the Twelve,MAT.10.5,MAT.10.15
1748,Persecutions Are Coming,MAT.10.16,MAT.10.26
1749,Jesus Teaches the Fear of God,MAT.10.27,MAT.10.31
1750,Confess Christ Before Men,MAT.10.32,MAT.10.33
1751,Christ Brings Division,MAT.10.34,MAT.10.39
1752,A Cup of Cold Water,MAT.10.40,MAT.10.42
1753,John the Baptist Sends Messengers to Jesus,MAT.11.1,MAT.11.19
1754,Woe to the Impenitent Cities,MAT.11.20,MAT.11.24
1755,Jesus Gives True Rest,MAT.11.25,MAT.11.30
1756,Jesus Is Lord of the Sabbath,MAT.12.1,MAT.12.8
1757,Healing on the Sabbath,MAT.12.9,MAT.12.14
1758,"Behold, My Servant",MAT.12.15,MAT.12.21
1759,A House Divided Cannot Stand,MAT.12.22,MAT.12.30
1760,The Unpardonable Sin,MAT.12.31,MAT.12.32
1761,A Tree Known by Its Fruit,MAT.12.33,MAT.12.37
1762,The Scribes and Pharisees Ask for a Sign,MAT.12.38,MAT.12.42
1763,An Unclean Spirit Returns,MAT.12.43,MAT.12.45
1764,Jesus’ Mother and Brothers Send for Him,MAT.12.46,MAT.12.50
1765,The Parable of the Sower,MAT.13.1,MAT.13.9
1766,The Purpose of Parables,MAT.13.10,MAT.13.17
1767,The Parable of the Sower Explained,MAT.13.18,MAT.13.23
1768,The Parable of the Wheat and the Tares,MAT.13.24,MAT.13.30
1769,The Parable of the Mustard Seed,MAT.13.31,MAT.13.32
1770,The Parable of the Leaven,MAT.13.33,MAT.13.33
1771,Prophecy and the Parables,MAT.13.34,MAT.13.35
1772,The Parable of the Tares Explained,MAT.13.36,MAT.13.43
1773,The Parable of the Hidden Treasure,MAT.13.44,MAT.13.44
1774,The Parable of the Pearl of Great Price,MAT.13.45,MAT.13.46
1775,The Parable of the Dragnet,MAT.13.47,MAT.13.52
1776,Jesus Rejected at Nazareth,MAT.13.53,MAT.13.58
1777,John the Baptist Beheaded,MAT.14.1,MAT.14.12
1778,Feeding the Five Thousand,MAT.14.13,MAT.14.21
1779,Jesus Walks on the Sea,MAT.14.22,MAT.14.33
1780,Many Touch Him and Are Made Well,MAT.14.34,MAT.14.36
1781,Defilement Comes from Within,MAT.15.1,MAT.15.20
1782,A Gentile Shows Her Faith,MAT.15.21,MAT.15.28
1783,Jesus Heals Great Multitudes,MAT.15.29,MAT.15.31
1784,Feeding the Four Thousand,MAT.15.32,MAT.15.39
1785,The Pharisees and Sadducees Seek a Sign,MAT.16.1,MAT.16.4
1786,The Leaven of the Pharisees and Sadducees,MAT.16.5,MAT.16.12
1787,Peter Confesses Jesus as the Christ,MAT.16.13,MAT.16.20
1788,Jesus Predicts His Death and Resurrection,MAT.16.21,MAT.16.23
1789,Take Up the Cross and Follow Him,MAT.16.24,MAT.16.28
1790,Jesus Transfigured on the Mount,MAT.17.1,MAT.17.13
1791,A Boy Is Healed,MAT.17.14,MAT.17.21
1792,Jesus Again Predicts His Death and Resurrection,MAT.17.22,MAT.17.23
1793,Peter and His Master Pay Their Taxes,MAT.17.24,MAT.17.27
1794,Who Is the Greatest?,MAT.18.1,MAT.18.5
1795,Jesus Warns of Offenses,MAT.18.6,MAT.18.9
1796,The Parable of the Lost Sheep,MAT.18.10,MAT.18.14
1797,Dealing with a Sinning Brother,MAT.18.15,MAT.18.20
1798,The Parable of the Unforgiving Servant,MAT.18.21,MAT.18.35
1799,Marriage and Divorce,MAT.19.1,MAT.19.10
1800,Jesus Teaches on Celibacy,MAT.19.11,MAT.19.12
1801,Jesus Blesses Little Children,MAT.19.13,MAT.19.15
1802,Jesus Counsels the Rich Young Ruler,MAT.19.16,MAT.19.22
1803,With God All Things Are Possible,MAT.19.23,MAT.19.30
1804,The Parable of the Workers in the Vineyard,MAT.20.1,MAT.20.16
1805,Jesus a Third Time Predicts His Death and Resurrection,MAT.20.17,MAT.20.19
1806,Greatness Is Serving,MAT.20.20,MAT.20.28
1807,Two Blind Men Receive Their Sight,MAT.20.29,MAT.20.34
1808,The Triumphal Entry,MAT.21.1,MAT.21.11
1809,Jesus Cleanses the Temple,MAT.21.12,MAT.21.17
1810,The Fig Tree Withered,MAT.21.18,MAT.21.19
1811,The Lesson of the Withered Fig Tree,MAT.21.20,MAT.21.22
1812,Jesus’ Authority Questioned,MAT.21.23,MAT.21.27
1813,The Parable of the Two Sons,MAT.21.28,MAT.21.32
1814,The Parable of the Wicked Vinedressers,MAT.21.33,MAT.21.46
1815,The Parable of the Wedding Feast,MAT.22.1,MAT.22.14
1816,The Pharisees: Is It Lawful to Pay Taxes to Caesar?,MAT.22.15,MAT.22.22
1817,The Sadducees: What About the Resurrection?,MAT.22.23,MAT.22.33
1818,The Scribes: Which Is the First Commandment of All?,MAT.22.34,MAT.22.40
1819,Jesus: How Can David Call His Descendant Lord?,MAT.22.41,MAT.22.46
1820,Woe to the Scribes and Pharisees,MAT.23.1,MAT.23.36
1821,Jesus Laments over Jerusalem,MAT.23.37,MAT.23.39
1822,Jesus Predicts the Destruction of the Temple,MAT.24.1,MAT.24.2
1823,The Signs of the Times and the End of the Age,MAT.24.3,MAT.24.14
1824,The Great Tribulation,MAT.24.15,MAT.24.28
1825,The Coming of the Son of Man,MAT.24.29,MAT.24.31
1826,The Parable of the Fig Tree,MAT.24.32,MAT.24.35
1827,No One Knows the Day or Hour,MAT.24.36,MAT.24.44
1828,The Faithful Servant and the Evil Servant,MAT.24.45,MAT.24.51
1829,The Parable of the Wise and Foolish Virgins,MAT.25.1,MAT.25.13
1830,The Parable of the Talents,MAT.25.14,MAT.25.30
1831,The Son of Man Will Judge the Nations,MAT.25.31,MAT.25.46
1832,The Plot to Kill Jesus,MAT.26.1,MAT.26.5
1833,The Anointing at Bethany,MAT.26.6,MAT.26.13
1834,Judas Agrees to Betray Jesus,MAT.26.14,MAT.26.16
1835,Jesus Celebrates Passover with His Disciples,MAT.26.17,MAT.26.25
1836,Jesus Institutes the Lord’s Supper,MAT.26.26,MAT.26.30
1837,Jesus Predicts Peter’s Denial,MAT.26.31,MAT.26.35
1838,The Prayer in the Garden,MAT.26.36,MAT.26.46
1839,Betrayal and Arrest in Gethsemane,MAT.26.47,MAT.26.56
1840,Jesus Faces the Sanhedrin,MAT.26.57,MAT.26.68
1841,"Peter Denies Jesus, and Weeps Bitterly",MAT.26.69,MAT.26.75
1842,Jesus Handed Over to Pontius Pilate,MAT.27.1,MAT.27.2
1843,Judas Hangs Himself,MAT.27.3,MAT.27.10
1844,Jesus Faces Pilate,MAT.27.11,MAT.27.14
1845,Taking the Place of Barabbas,MAT.27.15,MAT.27.26
1846,The Soldiers Mock Jesus,MAT.27.27,MAT.27.31
1847,The King on a Cross,MAT.27.32,MAT.27.44
1848,Jesus Dies on the Cross,MAT.27.45,MAT.27.56
1849,Jesus Buried in Joseph’s Tomb,MAT.27.57,MAT.27.61
1850,Pilate Sets a Guard,MAT.27.62,MAT.27.66
1851,He Is Risen,MAT.28.1,MAT.28.8
1852,The Women Worship the Risen Lord,MAT.28.9,MAT.28.10
1853,The Soldiers Are Bribed,MAT.28.11,MAT.28.15
1854,The Great Commission,MAT.28.16,MAT.28.20
1855,John the Baptist Prepares the Way,MRK.1.1,MRK.1.8
1856,John Baptizes Jesus,MRK.1.9,MRK.1.11
1857,Satan Tempts Jesus,MRK.1.12,MRK.1.13
1858,Jesus Begins His Galilean Ministry,MRK.1.14,MRK.1.15
1859,Four Fishermen Called as Disciples,MRK.1.16,MRK.1.20
1860,Jesus Casts Out an Unclean Spirit,MRK.1.21,MRK.1.28
1861,Peter’s Mother-in-Law Healed,MRK.1.29,MRK.1.31
1862,Many Healed After Sabbath Sunset,MRK.1.32,MRK.1.34
1863,Preaching in Galilee,MRK.1.35,MRK.1.39
1864,Jesus Cleanses a Leper,MRK.1.40,MRK.1.45
1865,Jesus Forgives and Heals a Paralytic,MRK.2.1,MRK.2.12
1866,Matthew the Tax Collector,MRK.2.13,MRK.2.17
1867,Jesus Is Questioned About Fasting,MRK.2.18,MRK.2.22
1868,Jesus Is Lord of the Sabbath,MRK.2.23,MRK.2.28
1869,Healing on the Sabbath,MRK.3.1,MRK.3.6
1870,A Great Multitude Follows Jesus,MRK.3.7,MRK.3.12
1871,The Twelve Apostles,MRK.3.13,MRK.3.19
1872,A House Divided Cannot Stand,MRK.3.20,MRK.3.27
1873,The Unpardonable Sin,MRK.3.28,MRK.3.30
1874,Jesus’ Mother and Brothers Send for Him,MRK.3.31,MRK.3.35
1875,The Parable of the Sower,MRK.4.1,MRK.4.9
1876,The Purpose of Parables,MRK.4.10,MRK.4.12
1877,The Parable of the Sower Explained,MRK.4.13,MRK.4.20
1878,Light Under a Basket,MRK.4.21,MRK.4.25
1879,The Parable of the Growing Seed,MRK.4.26,MRK.4.29
1880,The Parable of the Mustard Seed,MRK.4.30,MRK.4.32
1881,Jesus’ Use of Parables,MRK.4.33,MRK.4.34
1882,Wind and Wave Obey Jesus,MRK.4.35,MRK.4.41
1883,A Demon-Possessed Man Healed,MRK.5.1,MRK.5.20
1884,A Girl Restored to Life and a Woman Healed,MRK.5.21,MRK.5.43
1885,Jesus Rejected at Nazareth,MRK.6.1,MRK.6.6
1886,Sending Out the Twelve,MRK.6.7,MRK.6.13
1887,John the Baptist Beheaded,MRK.6.14,MRK.6.29
1888,Feeding the Five Thousand,MRK.6.30,MRK.6.44
1889,Jesus Walks on the Sea,MRK.6.45,MRK.6.52
1890,Many Touch Him and Are Made Well,MRK.6.53,MRK.6.56
1891,Defilement Comes from Within,MRK.7.1,MRK.7.23
1892,A Gentile Shows Her Faith,MRK.7.24,MRK.7.30
1893,Jesus Heals a Deaf-Mute,MRK.7.31,MRK.7.37
1894,Feeding the Four Thousand,MRK.8.1,MRK.8.10
1895,The Pharisees Seek a Sign,MRK.8.11,MRK.8.12
1896,Beware of the Leaven of the Pharisees and Herod,MRK.8.13,MRK.8.21
1897,A Blind Man Healed at Bethsaida,MRK.8.22,MRK.8.26
1898,Peter Confesses Jesus as the Christ,MRK.8.27,MRK.8.30
1899,Jesus Predicts His Death and Resurrection,MRK.8.31,MRK.8.33
1900,Take Up the Cross and Follow Him,MRK.8.34,MRK.9.1
1901,Jesus Transfigured on the Mount,MRK.9.2,MRK.9.13
1902,A Boy Is Healed,MRK.9.14,MRK.9.29
1903,Jesus Again Predicts His Death and Resurrection,MRK.9.30,MRK.9.32
1904,Who Is the Greatest?,MRK.9.33,MRK.9.37
1905,Jesus Forbids Sectarianism,MRK.9.38,MRK.9.41
1906,Jesus Warns of Offenses,MRK.9.42,MRK.9.48
1907,Tasteless Salt Is Worthless,MRK.9.49,MRK.9.50
1908,Marriage and Divorce,MRK.10.1,MRK.10.12
1909,Jesus Blesses Little Children,MRK.10.13,MRK.10.16
1910,Jesus Counsels the Rich Young Ruler,MRK.10.17,MRK.10.22
1911,With God All Things Are Possible,MRK.10.23,MRK.10.31
1912,Jesus a Third Time Predicts His Death and Resurrection,MRK.10.32,MRK.10.34
1913,Greatness Is Serving,MRK.10.35,MRK.10.45
1914,Jesus Heals Blind Bartimaeus,MRK.10.46,MRK.10.52
1915,The Triumphal Entry,MRK.11.1,MRK.11.11
1916,The Fig Tree Withered,MRK.11.12,MRK.11.14
1917,Jesus Cleanses the Temple,MRK.11.15,MRK.11.19
1918,The Lesson of the Withered Fig Tree,MRK.11.20,MRK.11.24
1919,Forgiveness and Prayer,MRK.11.25,MRK.11.26
1920,Jesus’ Authority Questioned,MRK.11.27,MRK.11.33
1921,The Parable of the Wicked Vinedressers,MRK.12.1,MRK.12.12
1922,The Pharisees: Is It Lawful to Pay Taxes to Caesar?,MRK.12.13,MRK.12.17
1923,The Sadducees: What About the Resurrection?,MRK.12.18,MRK.12.27
1924,The Scribes: Which Is the First Commandment of All?,MRK.12.28,MRK.12.34
1925,Jesus: How Can David Call His Descendant Lord?,MRK.12.35,MRK.12.37
1926,Beware of the Scribes,MRK.12.38,MRK.12.40
1927,The Widow’s Two Mites,MRK.12.41,MRK.12.44
1928,Jesus Predicts the Destruction of the Temple,MRK.13.1,MRK.13.2
1929,The Signs of the Times and the End of the Age,MRK.13.3,MRK.13.13
1930,The Great Tribulation,MRK.13.14,MRK.13.23
1931,The Coming of the Son of Man,MRK.13.24,MRK.13.27
1932,The Parable of the Fig Tree,MRK.13.28,MRK.13.31
1933,No One Knows the Day or Hour,MRK.13.32,MRK.13.37
1934,The Plot to Kill Jesus,MRK.14.1,MRK.14.2
1935,The Anointing at Bethany,MRK.14.3,MRK.14.9
1936,Judas Agrees to Betray Jesus,MRK.14.10,MRK.14.11
1937,Jesus Celebrates the Passover with His Disciples,MRK.14.12,MRK.14.21
1938,Jesus Institutes the Lord’s Supper,MRK.14.22,MRK.14.26
1939,Jesus Predicts Peter’s Denial,MRK.14.27,MRK.14.31
1940,The Prayer in the Garden,MRK.14.32,MRK.14.42
1941,Betrayal and Arrest in Gethsemane,MRK.14.43,MRK.14.50
1942,A Young Man Flees Naked,MRK.14.51,MRK.14.52
1943,Jesus Faces the Sanhedrin,MRK.14.53,MRK.14.65
1944,"Peter Denies Jesus, and Weeps",MRK.14.66,MRK.14.72
1945,Jesus Faces Pilate,MRK.15.1,MRK.15.5
1946,Taking the Place of Barabbas,MRK.15.6,MRK.15.15
1947,The Soldiers Mock Jesus,MRK.15.16,MRK.15.20
1948,The King on a Cross,MRK.15.21,MRK.15.32
1949,Jesus Dies on the Cross,MRK.15.33,MRK.15.41
1950,Jesus Buried in Joseph’s Tomb,MRK.15.42,MRK.15.47
1951,He Is Risen,MRK.16.1,MRK.16.8
1952,Mary Magdalene Sees the Risen Lord,MRK.16.9,MRK.16.11
1953,Jesus Appears to Two Disciples,MRK.16.12,MRK.16.13
1954,The Great Commission,MRK.16.14,MRK.16.18
1955,Christ Ascends to God’s Right Hand,MRK.16.19,MRK.16.20
1956,Dedication to Theophilus,LUK.1.1,LUK.1.4
1957,John’s Birth Announced to Zacharias,LUK.1.5,LUK.1.25
1958,Christ’s Birth Announced to Mary,LUK.1.26,LUK.1.38
1959,Mary Visits Elizabeth,LUK.1.39,LUK.1.45
1960,The Song of Mary,LUK.1.46,LUK.1.56
1961,Birth of John the Baptist,LUK.1.57,LUK.1.58
1962,Circumcision of John the Baptist,LUK.1.59,LUK.1.66
1963,Zacharias’ Prophecy,LUK.1.67,LUK.1.80
1964,Christ Born of Mary,LUK.2.1,LUK.2.7
1965,Glory in the Highest,LUK.2.8,LUK.2.20
1966,Circumcision of Jesus,LUK.2.21,LUK.2.21
1967,Jesus Presented in the Temple,LUK.2.22,LUK.2.24
1968,Simeon Sees God’s Salvation,LUK.2.25,LUK.2.35
1969,Anna Bears Witness to the Redeemer,LUK.2.36,LUK.2.38
1970,The Family Returns to Nazareth,LUK.2.39,LUK.2.40
1971,The Boy Jesus Amazes the Scholars,LUK.2.41,LUK.2.50
1972,Jesus Advances in Wisdom and Favor,LUK.2.51,LUK.2.52
1973,John the Baptist Prepares the Way,LUK.3.1,LUK.3.6
1974,John Preaches to the People,LUK.3.7,LUK.3.20
1975,John Baptizes Jesus,LUK.3.21,LUK.3.22
1976,The Genealogy of Jesus Christ,LUK.3.23,LUK.3.38
1977,Satan Tempts Jesus,LUK.4.1,LUK.4.13
1978,Jesus Begins His Galilean Ministry,LUK.4.14,LUK.4.15
1979,Jesus Rejected at Nazareth,LUK.4.16,LUK.4.30
1980,Jesus Casts Out an Unclean Spirit,LUK.4.31,LUK.4.37
1981,Peter’s Mother-in-Law Healed,LUK.4.38,LUK.4.39
1982,Many Healed After Sabbath Sunset,LUK.4.40,LUK.4.41
1983,Jesus Preaches in Galilee,LUK.4.42,LUK.4.44
1984,Four Fishermen Called as Disciples,LUK.5.1,LUK.5.11
1985,Jesus Cleanses a Leper,LUK.5.12,LUK.5.16
1986,Jesus Forgives and Heals a Paralytic,LUK.5.17,LUK.5.26
1987,Matthew the Tax Collector,LUK.5.27,LUK.5.32
1988,Jesus Is Questioned About Fasting,LUK.5.33,LUK.5.39
1989,Jesus Is Lord of the Sabbath,LUK.6.1,LUK.6.5
1990,Healing on the Sabbath,LUK.6.6,LUK.6.11
1991,The Twelve Apostles,LUK.6.12,LUK.6.16
1992,Jesus Heals a Great Multitude,LUK.6.17,LUK.6.19
1993,The Beatitudes,LUK.6.20,LUK.6.23
1994,Jesus Pronounces Woes,LUK.6.24,LUK.6.26
1995,Love Your Enemies,LUK.6.27,LUK.6.36
1996,Do Not Judge,LUK.6.37,LUK.6.42
1997,A Tree Is Known by Its Fruit,LUK.6.43,LUK.6.45
1998,Build on the Rock,LUK.6.46,LUK.6.49
1999,Jesus Heals a Centurion’s Servant,LUK.7.1,LUK.7.10
2000,Jesus Raises the Son of the Widow of Nain,LUK.7.11,LUK.7.17
2001,John the Baptist Sends Messengers to Jesus,LUK.7.18,LUK.7.35
2002,A Sinful Woman Forgiven,LUK.7.36,LUK.7.50
2003,Many Women Minister to Jesus,LUK.8.1,LUK.8.3
2004,The Parable of the Sower,LUK.8.4,LUK.8.8
2005,The Purpose of Parables,LUK.8.9,LUK.8.10
2006,The Parable of the Sower Explained,LUK.8.11,LUK.8.15
2007,The Parable of the Revealed Light,LUK.8.16,LUK.8.18
2008,Jesus’ Mother and Brothers Come to Him,LUK.8.19,LUK.8.21
2009,Wind and Wave Obey Jesus,LUK.8.22,LUK.8.25
2010,A Demon-Possessed Man Healed,LUK.8.26,LUK.8.39
2011,A Girl Restored to Life and a Woman Healed,LUK.8.40,LUK.8.56
2012,Sending Out the Twelve,LUK.9.1,LUK.9.6
2013,Herod Seeks to See Jesus,LUK.9.7,LUK.9.9
2014,Feeding the Five Thousand,LUK.9.10,LUK.9.17
2015,Peter Confesses Jesus as the Christ,LUK.9.18,LUK.9.20
2016,Jesus Predicts His Death and Resurrection,LUK.9.21,LUK.9.22
2017,Take Up the Cross and Follow Him,LUK.9.23,LUK.9.27
2018,Jesus Transfigured on the Mount,LUK.9.28,LUK.9.36
2019,A Boy Is Healed,LUK.9.37,LUK.9.42
2020,Jesus Again Predicts His Death,LUK.9.43,LUK.9.45
2021,Who Is the Greatest?,LUK.9.46,LUK.9.48
2022,Jesus Forbids Sectarianism,LUK.9.49,LUK.9.50
2023,A Samaritan Village Rejects the Savior,LUK.9.51,LUK.9.56
2024,The Cost of Discipleship,LUK.9.57,LUK.9.62
2025,The Seventy Sent Out,LUK.10.1,LUK.10.12
2026,Woe to the Impenitent Cities,LUK.10.13,LUK.10.16
2027,The Seventy Return with Joy,LUK.10.17,LUK.10.20
2028,Jesus Rejoices in the Spirit,LUK.10.21,LUK.10.24
2029,The Parable of the Good Samaritan,LUK.10.25,LUK.10.37
2030,Mary and Martha Worship and Serve,LUK.10.38,LUK.10.42
2031,The Model Prayer,LUK.11.1,LUK.11.4
2032,A Friend Comes at Midnight,LUK.11.5,LUK.11.8
2033,"Keep Asking, Seeking, Knocking",LUK.11.9,LUK.11.13
2034,A House Divided Cannot Stand,LUK.11.14,LUK.11.23
2035,An Unclean Spirit Returns,LUK.11.24,LUK.11.26
2036,Keeping the Word,LUK.11.27,LUK.11.28
2037,Seeking a Sign,LUK.11.29,LUK.11.32
2038,The Lamp of the Body,LUK.11.33,LUK.11.36
2039,Woe to the Pharisees and Lawyers,LUK.11.37,LUK.11.54
2040,Beware of Hypocrisy,LUK.12.1,LUK.12.3
2041,Jesus Teaches the Fear of God,LUK.12.4,LUK.12.7
2042,Confess Christ Before Men,LUK.12.8,LUK.12.12
2043,The Parable of the Rich Fool,LUK.12.13,LUK.12.21
2044,Do Not Worry,LUK.12.22,LUK.12.34
2045,The Faithful Servant and the Evil Servant,LUK.12.35,LUK.12.48
2046,Christ Brings Division,LUK.12.49,LUK.12.53
2047,Discern the Time,LUK.12.54,LUK.12.56
2048,Make Peace with Your Adversary,LUK.12.57,LUK.12.59
2049,Repent or Perish,LUK.13.1,LUK.13.5
2050,The Parable of the Barren Fig Tree,LUK.13.6,LUK.13.9
2051,A Spirit of Infirmity,LUK.13.10,LUK.13.17
2052,The Parable of the Mustard Seed,LUK.13.18,LUK.13.19
2053,The Parable of the Leaven,LUK.13.20,LUK.13.21
2054,The Narrow Way,LUK.13.22,LUK.13.33
2055,Jesus Laments over Jerusalem,LUK.13.34,LUK.13.35
2056,A Man with Dropsy Healed on the Sabbath,LUK.14.1,LUK.14.6
2057,Take the Lowly Place,LUK.14.7,LUK.14.14
2058,The Parable of the Great Supper,LUK.14.15,LUK.14.24
2059,Leaving All to Follow Christ,LUK.14.25,LUK.14.33
2060,Tasteless Salt Is Worthless,LUK.14.34,LUK.14.35
2061,The Parable of the Lost Sheep,LUK.15.1,LUK.15.7
2062,The Parable of the Lost Coin,LUK.15.8,LUK.15.10
2063,The Parable of the Lost Son,LUK.15.11,LUK.15.32
2064,The Parable of the Unjust Steward,LUK.16.1,LUK.16.13
2065,"The Law, the Prophets, and the Kingdom",LUK.16.14,LUK.16.18
2066,The Rich Man and Lazarus,LUK.16.19,LUK.16.31
2067,Jesus Warns of Offenses,LUK.17.1,LUK.17.4
2068,Faith and Duty,LUK.17.5,LUK.17.10
2069,Ten Lepers Cleansed,LUK.17.11,LUK.17.19
2070,The Coming of the Kingdom,LUK.17.20,LUK.17.37
2071,The Parable of the Persistent Widow,LUK.18.1,LUK.18.8
2072,The Parable of the Pharisee and the Tax Collector,LUK.18.9,LUK.18.14
2073,Jesus Blesses Little Children,LUK.18.15,LUK.18.17
2074,Jesus Counsels the Rich Young Ruler,LUK.18.18,LUK.18.23
2075,With God All Things Are Possible,LUK.18.24,LUK.18.30
2076,Jesus a Third Time Predicts His Death and Resurrection,LUK.18.31,LUK.18.34
2077,A Blind Man Receives His Sight,LUK.18.35,LUK.18.43
2078,Jesus Comes to Zacchaeus’ House,LUK.19.1,LUK.19.10
2079,The Parable of the Minas,LUK.19.11,LUK.19.27
2080,The Triumphal Entry,LUK.19.28,LUK.19.40
2081,Jesus Weeps over Jerusalem,LUK.19.41,LUK.19.44
2082,Jesus Cleanses the Temple,LUK.19.45,LUK.19.48
2083,Jesus’ Authority Questioned,LUK.20.1,LUK.20.8
2084,The Parable of the Wicked Vinedressers,LUK.20.9,LUK.20.19
2085,The Pharisees: Is It Lawful to Pay Taxes to Caesar?,LUK.20.20,LUK.20.26
2086,The Sadducees: What About the Resurrection?,LUK.20.27,LUK.20.40
2087,Jesus: How Can David Call His Descendant Lord?,LUK.20.41,LUK.20.44
2088,Beware of the Scribes,LUK.20.45,LUK.20.47
2089,The Widow’s Two Mites,LUK.21.1,LUK.21.4
2090,Jesus Predicts the Destruction of the Temple,LUK.21.5,LUK.21.6
2091,The Signs of the Times and the End of the Age,LUK.21.7,LUK.21.19
2092,The Destruction of Jerusalem,LUK.21.20,LUK.21.24
2093,The Coming of the Son of Man,LUK.21.25,LUK.21.28
2094,The Parable of the Fig Tree,LUK.21.29,LUK.21.33
2095,The Importance of Watching,LUK.21.34,LUK.21.38
2096,The Plot to Kill Jesus,LUK.22.1,LUK.22.6
2097,Jesus and His Disciples Prepare the Passover,LUK.22.7,LUK.22.13
2098,Jesus Institutes the Lord’s Supper,LUK.22.14,LUK.22.23
2099,The Disciples Argue About Greatness,LUK.22.24,LUK.22.30
2100,Jesus Predicts Peter’s Denial,LUK.22.31,LUK.22.34
2101,Supplies for the Road,LUK.22.35,LUK.22.38
2102,The Prayer in the Garden,LUK.22.39,LUK.22.46
2103,Betrayal and Arrest in Gethsemane,LUK.22.47,LUK.22.53
2104,"Peter Denies Jesus, and Weeps Bitterly",LUK.22.54,LUK.22.62
2105,Jesus Mocked and Beaten,LUK.22.63,LUK.22.65
2106,Jesus Faces the Sanhedrin,LUK.22.66,LUK.22.71
2107,Jesus Handed Over to Pontius Pilate,LUK.23.1,LUK.23.5
2108,Jesus Faces Herod,LUK.23.6,LUK.23.12
2109,Taking the Place of Barabbas,LUK.23.13,LUK.23.25
2110,The King on a Cross,LUK.23.26,LUK.23.43
2111,Jesus Dies on the Cross,LUK.23.44,LUK.23.49
2112,Jesus Buried in Joseph’s Tomb,LUK.23.50,LUK.23.56
2113,He Is Risen,LUK.24.1,LUK.24.12
2114,The Road to Emmaus,LUK.24.13,LUK.24.27
2115,The Disciples’ Eyes Opened,LUK.24.28,LUK.24.35
2116,Jesus Appears to His Disciples,LUK.24.36,LUK.24.43
2117,The Scriptures Opened,LUK.24.44,LUK.24.49
2118,The Ascension,LUK.24.50,LUK.24.53
2119,The Eternal Word,JHN.1.1,JHN.1.5
2120,John’s Witness: The True Light,JHN.1.6,JHN.1.13
2121,The Word Becomes Flesh,JHN.1.14,JHN.1.18
2122,A Voice in the Wilderness,JHN.1.19,JHN.1.28
2123,The Lamb of God,JHN.1.29,JHN.1.34
2124,The First Disciples,JHN.1.35,JHN.1.42
2125,Philip and Nathanael,JHN.1.43,JHN.1.51
2126,Water Turned to Wine,JHN.2.1,JHN.2.12
2127,Jesus Cleanses the Temple,JHN.2.13,JHN.2.22
2128,The Discerner of Hearts,JHN.2.23,JHN.2.25
2129,The New Birth,JHN.3.1,JHN.3.21
2130,John the Baptist Exalts Christ,JHN.3.22,JHN.3.36
2131,A Samaritan Woman Meets Her Messiah,JHN.4.1,JHN.4.26
2132,The Whitened Harvest,JHN.4.27,JHN.4.38
2133,The Savior of the World,JHN.4.39,JHN.4.42
2134,Welcome at Galilee,JHN.4.43,JHN.4.45
2135,A Nobleman’s Son Healed,JHN.4.46,JHN.4.54
2136,A Man Healed at the Pool of Bethesda,JHN.5.1,JHN.5.15
2137,Honor the Father and the Son,JHN.5.16,JHN.5.23
2138,Life and Judgment Are Through the Son,JHN.5.24,JHN.5.30
2139,The Fourfold Witness,JHN.5.31,JHN.5.47
2140,Feeding the Five Thousand,JHN.6.1,JHN.6.14
2141,Jesus Walks on the Sea,JHN.6.15,JHN.6.21
2142,The Bread from Heaven,JHN.6.22,JHN.6.40
2143,Rejected by His Own,JHN.6.41,JHN.6.59
2144,Many Disciples Turn Away,JHN.6.60,JHN.6.71
2145,Jesus’ Brothers Disbelieve,JHN.7.1,JHN.7.9
2146,The Heavenly Scholar,JHN.7.10,JHN.7.24
2147,Could This Be the Christ?,JHN.7.25,JHN.7.31
2148,Jesus and the Religious Leaders,JHN.7.32,JHN.7.36
2149,The Promise of the Holy Spirit,JHN.7.37,JHN.7.39
2150,Who Is He?,JHN.7.40,JHN.7.44
2151,Rejected by the Authorities,JHN.7.45,JHN.7.52
2152,An Adulteress Faces the Light of the World,JHN.7.53,JHN.8.12
2153,Jesus Defends His Self-Witness,JHN.8.13,JHN.8.20
2154,Jesus Predicts His Departure,JHN.8.21,JHN.8.30
2155,The Truth Shall Make You Free,JHN.8.31,JHN.8.36
2156,Abraham’s Seed and Satan’s,JHN.8.37,JHN.8.47
2157,"Before Abraham Was, I AM",JHN.8.48,JHN.8.59
2158,A Man Born Blind Receives Sight,JHN.9.1,JHN.9.12
2159,The Pharisees Excommunicate the Healed Man,JHN.9.13,JHN.9.34
2160,True Vision and True Blindness,JHN.9.35,JHN.9.41
2161,Jesus the True Shepherd,JHN.10.1,JHN.10.6
2162,Jesus the Good Shepherd,JHN.10.7,JHN.10.21
2163,The Shepherd Knows His Sheep,JHN.10.22,JHN.10.30
2164,Renewed Efforts to Stone Jesus,JHN.10.31,JHN.10.39
2165,The Believers Beyond Jordan,JHN.10.40,JHN.10.42
2166,The Death of Lazarus,JHN.11.1,JHN.11.16
2167,I Am the Resurrection and the Life,JHN.11.17,JHN.11.27
2168,"Jesus and Death, the Last Enemy",JHN.11.28,JHN.11.37
2169,Lazarus Raised from the Dead,JHN.11.38,JHN.11.44
2170,The Plot to Kill Jesus,JHN.11.45,JHN.11.57
2171,The Anointing at Bethany,JHN.12.1,JHN.12.8
2172,The Plot to Kill Lazarus,JHN.12.9,JHN.12.11
2173,The Triumphal Entry,JHN.12.12,JHN.12.19
2174,The Fruitful Grain of Wheat,JHN.12.20,JHN.12.26
2175,Jesus Predicts His Death on the Cross,JHN.12.27,JHN.12.36
2176,Who Has Believed Our Report?,JHN.12.37,JHN.12.41
2177,Walk in the Light,JHN.12.42,JHN.12.50
2178,Jesus Washes the Disciples’ Feet,JHN.13.1,JHN.13.17
2179,Jesus Identifies His Betrayer,JHN.13.18,JHN.13.30
2180,The New Commandment,JHN.13.31,JHN.13.35
2181,Jesus Predicts Peter’s Denial,JHN.13.36,JHN.13.38
2182,"The Way, the Truth, and the Life",JHN.14.1,JHN.14.6
2183,The Father Revealed,JHN.14.7,JHN.14.11
2184,The Answered Prayer,JHN.14.12,JHN.14.14
2185,Jesus Promises Another Helper,JHN.14.15,JHN.14.18
2186,Indwelling of the Father and the Son,JHN.14.19,JHN.14.24
2187,The Gift of His Peace,JHN.14.25,JHN.14.31
2188,The True Vine,JHN.15.1,JHN.15.8
2189,Love and Joy Perfected,JHN.15.9,JHN.15.17
2190,The World’s Hatred,JHN.15.18,JHN.15.25
2191,The Coming Rejection,JHN.15.26,JHN.16.4
2192,The Work of the Holy Spirit,JHN.16.5,JHN.16.15
2193,Sorrow Will Turn to Joy,JHN.16.16,JHN.16.24
2194,Jesus Christ Has Overcome the World,JHN.16.25,JHN.16.33
2195,Jesus Prays for Himself,JHN.17.1,JHN.17.5
2196,Jesus Prays for His Disciples,JHN.17.6,JHN.17.19
2197,Jesus Prays for All Believers,JHN.17.20,JHN.17.26
2198,Betrayal and Arrest in Gethsemane,JHN.18.1,JHN.18.11
2199,Before the High Priest,JHN.18.12,JHN.18.14
2200,Peter Denies Jesus,JHN.18.15,JHN.18.18
2201,Jesus Questioned by the High Priest,JHN.18.19,JHN.18.24
2202,Peter Denies Twice More,JHN.18.25,JHN.18.27
2203,In Pilate’s Court,JHN.18.28,JHN.18.38
2204,Taking the Place of Barabbas,JHN.18.39,JHN.18.40
2205,The Soldiers Mock Jesus,JHN.19.1,JHN.19.4
2206,Pilate’s Decision,JHN.19.5,JHN.19.16
2207,The King on a Cross,JHN.19.17,JHN.19.24
2208,Behold Your Mother,JHN.19.25,JHN.19.27
2209,It Is Finished,JHN.19.28,JHN.19.30
2210,Jesus’ Side Is Pierced,JHN.19.31,JHN.19.37
2211,Jesus Buried in Joseph’s Tomb,JHN.19.38,JHN.19.42
2212,The Empty Tomb,JHN.20.1,JHN.20.10
2213,Mary Magdalene Sees the Risen Lord,JHN.20.11,JHN.20.18
2214,The Apostles Commissioned,JHN.20.19,JHN.20.23
2215,Seeing and Believing,JHN.20.24,JHN.20.29
2216,That You May Believe,JHN.20.30,JHN.20.31
2217,Breakfast by the Sea,JHN.21.1,JHN.21.14
2218,Jesus Restores Peter,JHN.21.15,JHN.21.19
2219,The Beloved Disciple and His Book,JHN.21.20,JHN.21.25
2220,Prologue,ACT.1.1,ACT.1.3
2221,The Holy Spirit Promised,ACT.1.4,ACT.1.8
2222,Jesus Ascends to Heaven,ACT.1.9,ACT.1.11
2223,The Upper Room Prayer Meeting,ACT.1.12,ACT.1.14
2224,Matthias Chosen,ACT.1.15,ACT.1.26
2225,Coming of the Holy Spirit,ACT.2.1,ACT.2.4
2226,The Crowd’s Response,ACT.2.5,ACT.2.13
2227,Peter’s Sermon,ACT.2.14,ACT.2.39
2228,A Vital Church Grows,ACT.2.40,ACT.2.47
2229,A Lame Man Healed,ACT.3.1,ACT.3.10
2230,Preaching in Solomon’s Portico,ACT.3.11,ACT.3.26
2231,Peter and John Arrested,ACT.4.1,ACT.4.4
2232,Addressing the Sanhedrin,ACT.4.5,ACT.4.12
2233,The Name of Jesus Forbidden,ACT.4.13,ACT.4.22
2234,Prayer for Boldness,ACT.4.23,ACT.4.31
2235,Sharing in All Things,ACT.4.32,ACT.4.37
2236,Lying to the Holy Spirit,ACT.5.1,ACT.5.11
2237,Continuing Power in the Church,ACT.5.12,ACT.5.16
2238,Imprisoned Apostles Freed,ACT.5.17,ACT.5.21
2239,Apostles on Trial Again,ACT.5.22,ACT.5.32
2240,Gamaliel’s Advice,ACT.5.33,ACT.5.42
2241,Seven Chosen to Serve,ACT.6.1,ACT.6.7
2242,Stephen Accused of Blasphemy,ACT.6.8,ACT.6.15
2243,Stephen’s Address: The Call of Abraham,ACT.7.1,ACT.7.8
2244,The Patriarchs in Egypt,ACT.7.9,ACT.7.16
2245,God Delivers Israel by Moses,ACT.7.17,ACT.7.36
2246,Israel Rebels Against God,ACT.7.37,ACT.7.43
2247,God’s True Tabernacle,ACT.7.44,ACT.7.50
2248,Israel Resists the Holy Spirit,ACT.7.51,ACT.7.53
2249,Stephen the Martyr,ACT.7.54,ACT.7.60
2250,Saul Persecutes the Church,ACT.8.1,ACT.8.3
2251,Christ Is Preached in Samaria,ACT.8.4,ACT.8.8
2252,The Sorcerer’s Profession of Faith,ACT.8.9,ACT.8.13
2253,The Sorcerer’s Sin,ACT.8.14,ACT.8.25
2254,Christ Is Preached to an Ethiopian,ACT.8.26,ACT.8.40
2255,The Damascus Road: Saul Converted,ACT.9.1,ACT.9.9
2256,Ananias Baptizes Saul,ACT.9.10,ACT.9.19
2257,Saul Preaches Christ,ACT.9.20,ACT.9.22
2258,Saul Escapes Death,ACT.9.23,ACT.9.25
2259,Saul at Jerusalem,ACT.9.26,ACT.9.30
2260,The Church Prospers,ACT.9.31,ACT.9.31
2261,Aeneas Healed,ACT.9.32,ACT.9.35
2262,Dorcas Restored to Life,ACT.9.36,ACT.9.43
2263,Cornelius Sends a Delegation,ACT.10.1,ACT.10.8
2264,Peter’s Vision,ACT.10.9,ACT.10.16
2265,Summoned to Caesarea,ACT.10.17,ACT.10.23
2266,Peter Meets Cornelius,ACT.10.24,ACT.10.33
2267,Preaching to Cornelius’ Household,ACT.10.34,ACT.10.43
2268,The Holy Spirit Falls on the Gentiles,ACT.10.44,ACT.10.48
2269,Peter Defends God’s Grace,ACT.11.1,ACT.11.18
2270,Barnabas and Saul at Antioch,ACT.11.19,ACT.11.26
2271,Relief to Judea,ACT.11.27,ACT.11.30
2272,Herod’s Violence to the Church,ACT.12.1,ACT.12.4
2273,Peter Freed from Prison,ACT.12.5,ACT.12.19
2274,Herod’s Violent Death,ACT.12.20,ACT.12.24
2275,Barnabas and Saul Appointed,ACT.12.25,ACT.13.3
2276,Preaching in Cyprus,ACT.13.4,ACT.13.12
2277,At Antioch in Pisidia,ACT.13.13,ACT.13.41
2278,Blessing and Conflict at Antioch,ACT.13.42,ACT.13.52
2279,At Iconium,ACT.14.1,ACT.14.7
2280,Idolatry at Lystra,ACT.14.8,ACT.14.18
2281,"Stoning, Escape to Derbe",ACT.14.19,ACT.14.20
2282,Strengthening the Converts,ACT.14.21,ACT.14.28
2283,Conflict over Circumcision,ACT.15.1,ACT.15.5
2284,The Jerusalem Council,ACT.15.6,ACT.15.21
2285,The Jerusalem Decree,ACT.15.22,ACT.15.29
2286,Continuing Ministry in Syria,ACT.15.30,ACT.15.35
2287,Division over John Mark,ACT.15.36,ACT.15.41
2288,Timothy Joins Paul and Silas,ACT.16.1,ACT.16.5
2289,The Macedonian Call,ACT.16.6,ACT.16.10
2290,Lydia Baptized at Philippi,ACT.16.11,ACT.16.15
2291,Paul and Silas Imprisoned,ACT.16.16,ACT.16.24
2292,The Philippian Jailer Saved,ACT.16.25,ACT.16.34
2293,Paul Refuses to Depart Secretly,ACT.16.35,ACT.16.40
2294,Preaching Christ at Thessalonica,ACT.17.1,ACT.17.4
2295,Assault on Jason’s House,ACT.17.5,ACT.17.9
2296,Ministering at Berea,ACT.17.10,ACT.17.15
2297,The Philosophers at Athens,ACT.17.16,ACT.17.21
2298,Addressing the Areopagus,ACT.17.22,ACT.17.34
2299,Ministering at Corinth,ACT.18.1,ACT.18.17
2300,Paul Returns to Antioch,ACT.18.18,ACT.18.23
2301,Ministry of Apollos,ACT.18.24,ACT.18.28
2302,Paul at Ephesus,ACT.19.1,ACT.19.10
2303,Miracles Glorify Christ,ACT.19.11,ACT.19.20
2304,The Riot at Ephesus,ACT.19.21,ACT.19.41
2305,Journeys in Greece,ACT.20.1,ACT.20.6
2306,Ministering at Troas,ACT.20.7,ACT.20.12
2307,From Troas to Miletus,ACT.20.13,ACT.20.16
2308,The Ephesian Elders Exhorted,ACT.20.17,ACT.20.38
2309,Warnings on the Journey to Jerusalem,ACT.21.1,ACT.21.14
2310,Paul Urged to Make Peace,ACT.21.15,ACT.21.25
2311,Arrested in the Temple,ACT.21.26,ACT.21.36
2312,Addressing the Jerusalem Mob,ACT.21.37,ACT.22.21
2313,Paul’s Roman Citizenship,ACT.22.22,ACT.22.29
2314,The Sanhedrin Divided,ACT.22.30,ACT.23.10
2315,The Plot Against Paul,ACT.23.11,ACT.23.22
2316,Sent to Felix,ACT.23.23,ACT.23.35
2317,Accused of Sedition,ACT.24.1,ACT.24.9
2318,The Defense Before Felix,ACT.24.10,ACT.24.21
2319,Felix Procrastinates,ACT.24.22,ACT.24.27
2320,Paul Appeals to Caesar,ACT.25.1,ACT.25.12
2321,Paul Before Agrippa,ACT.25.13,ACT.25.27
2322,Paul’s Early Life,ACT.26.1,ACT.26.11
2323,Paul Recounts His Conversion,ACT.26.12,ACT.26.18
2324,Paul’s Post-Conversion Life,ACT.26.19,ACT.26.23
2325,Agrippa Parries Paul’s Challenge,ACT.26.24,ACT.26.32
2326,The Voyage to Rome Begins,ACT.27.1,ACT.27.8
2327,Paul’s Warning Ignored,ACT.27.9,ACT.27.12
2328,In the Tempest,ACT.27.13,ACT.27.38
2329,Shipwrecked on Malta,ACT.27.39,ACT.27.44
2330,Paul’s Ministry on Malta,ACT.28.1,ACT.28.10
2331,Arrival at Rome,ACT.28.11,ACT.28.16
2332,Paul’s Ministry at Rome,ACT.28.17,ACT.28.31
2333,Greeting,ROM.1.1,ROM.1.7
2334,Desire to Visit Rome,ROM.1.8,ROM.1.15
2335,The Just Live by Faith,ROM.1.16,ROM.1.17
2336,God’s Wrath on Unrighteousness,ROM.1.18,ROM.1.32
2337,God’s Righteous Judgment,ROM.2.1,ROM.2.16
2338,The Jews Guilty as the Gentiles,ROM.2.17,ROM.2.24
2339,Circumcision of No Avail,ROM.2.25,ROM.2.29
2340,God’s Judgment Defended,ROM.3.1,ROM.3.8
2341,All Have Sinned,ROM.3.9,ROM.3.20
2342,God’s Righteousness Through Faith,ROM.3.21,ROM.3.26
2343,Boasting Excluded,ROM.3.27,ROM.3.31
2344,Abraham Justified by Faith,ROM.4.1,ROM.4.4
2345,David Celebrates the Same Truth,ROM.4.5,ROM.4.8
2346,Abraham Justified Before Circumcision,ROM.4.9,ROM.4.12
2347,The Promise Granted Through Faith,ROM.4.13,ROM.4.25
2348,Faith Triumphs in Trouble,ROM.5.1,ROM.5.5
2349,Christ in Our Place,ROM.5.6,ROM.5.11
2350,"Death in Adam, Life in Christ",ROM.5.12,ROM.5.21
2351,"Dead to Sin, Alive to God",ROM.6.1,ROM.6.14
2352,From Slaves of Sin to Slaves of God,ROM.6.15,ROM.6.23
2353,Freed from the Law,ROM.7.1,ROM.7.6
2354,Sin’s Advantage in the Law,ROM.7.7,ROM.7.12
2355,Law Cannot Save from Sin,ROM.7.13,ROM.7.25
2356,Free from Indwelling Sin,ROM.8.1,ROM.8.11
2357,Sonship Through the Spirit,ROM.8.12,ROM.8.17
2358,From Suffering to Glory,ROM.8.18,ROM.8.30
2359,God’s Everlasting Love,ROM.8.31,ROM.8.39
2360,Israel’s Rejection of Christ,ROM.9.1,ROM.9.5
2361,Israel’s Rejection and God’s Purpose,ROM.9.6,ROM.9.13
2362,Israel’s Rejection and God’s Justice,ROM.9.14,ROM.9.29
2363,Present Condition of Israel,ROM.9.30,ROM.9.33
2364,Israel Needs the Gospel,ROM.10.1,ROM.10.13
2365,Israel Rejects the Gospel,ROM.10.14,ROM.10.21
2366,Israel’s Rejection Not Total,ROM.11.1,ROM.11.10
2367,Israel’s Rejection Not Final,ROM.11.11,ROM.11.36
2368,Living Sacrifices to God,ROM.12.1,ROM.12.2
2369,Serve God with Spiritual Gifts,ROM.12.3,ROM.12.8
2370,Behave Like a Christian,ROM.12.9,ROM.12.21
2371,Submit to Government,ROM.13.1,ROM.13.7
2372,Love Your Neighbor,ROM.13.8,ROM.13.10
2373,Put on Christ,ROM.13.11,ROM.13.14
2374,The Law of Liberty,ROM.14.1,ROM.14.13
2375,The Law of Love,ROM.14.14,ROM.14.23
2376,Bearing Others’ Burdens,ROM.15.1,ROM.15.6
2377,Glorify God Together,ROM.15.7,ROM.15.13
2378,From Jerusalem to Illyricum,ROM.15.14,ROM.15.21
2379,Plan to Visit Rome,ROM.15.22,ROM.15.33
2380,Sister Phoebe Commended,ROM.16.1,ROM.16.2
2381,Greeting Roman Saints,ROM.16.3,ROM.16.16
2382,Avoid Divisive Persons,ROM.16.17,ROM.16.20
2383,Greetings from Paul’s Friends,ROM.16.21,ROM.16.24
2384,Benediction,ROM.16.25,ROM.16.27
2385,Greeting,1CO.1.1,1CO.1.3
2386,Spiritual Gifts at Corinth,1CO.1.4,1CO.1.9
2387,Sectarianism Is Sin,1CO.1.10,1CO.1.17
2388,Christ the Power and Wisdom of God,1CO.1.18,1CO.1.25
2389,Glory Only in the Lord,1CO.1.26,1CO.1.31
2390,Christ Crucified,1CO.2.1,1CO.2.5
2391,Spiritual Wisdom,1CO.2.6,1CO.2.16
2392,Sectarianism Is Carnal,1CO.3.1,1CO.3.4
2393,"Watering, Working, Warning",1CO.3.5,1CO.3.17
2394,Avoid Worldly Wisdom,1CO.3.18,1CO.3.23
2395,Stewards of the Mysteries of God,1CO.4.1,1CO.4.5
2396,Fools for Christ’s Sake,1CO.4.6,1CO.4.13
2397,Paul’s Paternal Care,1CO.4.14,1CO.4.21
2398,Immorality Defiles the Church,1CO.5.1,1CO.5.8
2399,Immorality Must Be Judged,1CO.5.9,1CO.5.13
2400,Do Not Sue the Brethren,1CO.6.1,1CO.6.11
2401,Glorify God in Body and Spirit,1CO.6.12,1CO.6.20
2402,Principles of Marriage,1CO.7.1,1CO.7.9
2403,Keep Your Marriage Vows,1CO.7.10,1CO.7.16
2404,Live as You Are Called,1CO.7.17,1CO.7.24
2405,To the Unmarried and Widows,1CO.7.25,1CO.7.40
2406,Be Sensitive to Conscience,1CO.8.1,1CO.8.13
2407,A Pattern of Self-Denial,1CO.9.1,1CO.9.18
2408,Serving All Men,1CO.9.19,1CO.9.23
2409,Striving for a Crown,1CO.9.24,1CO.9.27
2410,Old Testament Examples,1CO.10.1,1CO.10.13
2411,Flee from Idolatry,1CO.10.14,1CO.10.22
2412,All to the Glory of God,1CO.10.23,1CO.11.1
2413,Head Coverings,1CO.11.2,1CO.11.16
2414,Conduct at the Lord’s Supper,1CO.11.17,1CO.11.22
2415,Institution of the Lord’s Supper,1CO.11.23,1CO.11.26
2416,Examine Yourself,1CO.11.27,1CO.11.34
2417,Spiritual Gifts: Unity in Diversity,1CO.12.1,1CO.12.11
2418,Unity and Diversity in One Body,1CO.12.12,1CO.12.31
2419,The Greatest Gift,1CO.13.1,1CO.13.13
2420,Prophecy and Tongues,1CO.14.1,1CO.14.5
2421,Tongues Must Be Interpreted,1CO.14.6,1CO.14.19
2422,Tongues a Sign to Unbelievers,1CO.14.20,1CO.14.25
2423,Order in Church Meetings,1CO.14.26,1CO.14.40
2424,"The Risen Christ, Faith’s Reality",1CO.15.1,1CO.15.11
2425,"The Risen Christ, Our Hope",1CO.15.12,1CO.15.19
2426,The Last Enemy Destroyed,1CO.15.20,1CO.15.28
2427,Effects of Denying the Resurrection,1CO.15.29,1CO.15.34
2428,A Glorious Body,1CO.15.35,1CO.15.49
2429,Our Final Victory,1CO.15.50,1CO.15.58
2430,Collection for the Saints,1CO.16.1,1CO.16.4
2431,Personal Plans,1CO.16.5,1CO.16.12
2432,Final Exhortations,1CO.16.13,1CO.16.18
2433,Greetings and a Solemn Farewell,1CO.16.19,1CO.16.24
2434,Greeting,2CO.1.1,2CO.1.2
2435,Comfort in Suffering,2CO.1.3,2CO.1.7
2436,Delivered from Suffering,2CO.1.8,2CO.1.11
2437,Paul’s Sincerity,2CO.1.12,2CO.1.14
2438,Sparing the Church,2CO.1.15,2CO.2.2
2439,Forgive the Offender,2CO.2.3,2CO.2.11
2440,Triumph in Christ,2CO.2.12,2CO.2.17
2441,Christ’s Epistle,2CO.3.1,2CO.3.3
2442,"The Spirit, Not the Letter",2CO.3.4,2CO.3.6
2443,Glory of the New Covenant,2CO.3.7,2CO.3.18
2444,The Light of Christ’s Gospel,2CO.4.1,2CO.4.6
2445,Cast Down but Unconquered,2CO.4.7,2CO.4.15
2446,Seeing the Invisible,2CO.4.16,2CO.4.18
2447,Assurance of the Resurrection,2CO.5.1,2CO.5.8
2448,The Judgment Seat of Christ,2CO.5.9,2CO.5.11
2449,Be Reconciled to God,2CO.5.12,2CO.5.21
2450,Marks of the Ministry,2CO.6.1,2CO.6.10
2451,Be Holy,2CO.6.11,2CO.7.1
2452,The Corinthians’ Repentance,2CO.7.2,2CO.7.12
2453,The Joy of Titus,2CO.7.13,2CO.7.16
2454,Excel in Giving,2CO.8.1,2CO.8.7
2455,Christ Our Pattern,2CO.8.8,2CO.8.15
2456,Collection for the Judean Saints,2CO.8.16,2CO.8.24
2457,Administering the Gift,2CO.9.1,2CO.9.5
2458,The Cheerful Giver,2CO.9.6,2CO.9.15
2459,The Spiritual War,2CO.10.1,2CO.10.6
2460,Reality of Paul’s Authority,2CO.10.7,2CO.10.11
2461,Limits of Paul’s Authority,2CO.10.12,2CO.10.18
2462,Concern for Their Faithfulness,2CO.11.1,2CO.11.4
2463,Paul and False Apostles,2CO.11.5,2CO.11.15
2464,Reluctant Boasting,2CO.11.16,2CO.11.21
2465,Suffering for Christ,2CO.11.22,2CO.11.33
2466,The Vision of Paradise,2CO.12.1,2CO.12.6
2467,The Thorn in the Flesh,2CO.12.7,2CO.12.10
2468,Signs of an Apostle,2CO.12.11,2CO.12.13
2469,Love for the Church,2CO.12.14,2CO.12.21
2470,Coming with Authority,2CO.13.1,2CO.13.6
2471,Paul Prefers Gentleness,2CO.13.7,2CO.13.10
2472,Greetings and Benediction,2CO.13.11,2CO.13.14
2473,Greeting,GAL.1.1,GAL.1.5
2474,Only One Gospel,GAL.1.6,GAL.1.10
2475,Call to Apostleship,GAL.1.11,GAL.1.17
2476,Contacts at Jerusalem,GAL.1.18,GAL.1.24
2477,Defending the Gospel,GAL.2.1,GAL.2.10
2478,No Return to the Law,GAL.2.11,GAL.2.21
2479,Justification by Faith,GAL.3.1,GAL.3.9
2480,The Law Brings a Curse,GAL.3.10,GAL.3.14
2481,The Changeless Promise,GAL.3.15,GAL.3.18
2482,Purpose of the Law,GAL.3.19,GAL.3.25
2483,Sons and Heirs,GAL.3.26,GAL.4.7
2484,Fears for the Church,GAL.4.8,GAL.4.20
2485,Two Covenants,GAL.4.21,GAL.4.31
2486,Christian Liberty,GAL.5.1,GAL.5.6
2487,Love Fulfills the Law,GAL.5.7,GAL.5.15
2488,Walking in the Spirit,GAL.5.16,GAL.5.26
2489,Bear and Share the Burdens,GAL.6.1,GAL.6.5
2490,Be Generous and Do Good,GAL.6.6,GAL.6.10
2491,Glory Only in the Cross,GAL.6.11,GAL.6.15
2492,Blessing and a Plea,GAL.6.16,GAL.6.18
2493,Greeting,EPH.1.1,EPH.1.2
2494,Redemption in Christ,EPH.1.3,EPH.1.14
2495,Prayer for Spiritual Wisdom,EPH.1.15,EPH.1.23
2496,By Grace Through Faith,EPH.2.1,EPH.2.10
2497,Brought Near by His Blood,EPH.2.11,EPH.2.13
2498,Christ Our Peace,EPH.2.14,EPH.2.18
2499,Christ Our Cornerstone,EPH.2.19,EPH.2.22
2500,The Mystery Revealed,EPH.3.1,EPH.3.7
2501,Purpose of the Mystery,EPH.3.8,EPH.3.13
2502,Appreciation of the Mystery,EPH.3.14,EPH.3.21
2503,Walk in Unity,EPH.4.1,EPH.4.6
2504,Spiritual Gifts,EPH.4.7,EPH.4.16
2505,The New Man,EPH.4.17,EPH.4.24
2506,Do Not Grieve the Spirit,EPH.4.25,EPH.4.32
2507,Walk in Love,EPH.5.1,EPH.5.7
2508,Walk in Light,EPH.5.8,EPH.5.14
2509,Walk in Wisdom,EPH.5.15,EPH.5.21
2510,Marriage—Christ and the Church,EPH.5.22,EPH.5.33
2511,Children and Parents,EPH.6.1,EPH.6.4
2512,Bondservants and Masters,EPH.6.5,EPH.6.9
2513,The Whole Armor of God,EPH.6.10,EPH.6.20
2514,A Gracious Greeting,EPH.6.21,EPH.6.24
2515,Greeting,PHP.1.1,PHP.1.2
2516,Thankfulness and Prayer,PHP.1.3,PHP.1.11
2517,Christ Is Preached,PHP.1.12,PHP.1.18
2518,To Live Is Christ,PHP.1.19,PHP.1.26
2519,Striving and Suffering for Christ,PHP.1.27,PHP.1.30
2520,Unity Through Humility,PHP.2.1,PHP.2.4
2521,The Humbled and Exalted Christ,PHP.2.5,PHP.2.11
2522,Light Bearers,PHP.2.12,PHP.2.18
2523,Timothy Commended,PHP.2.19,PHP.2.24
2524,Epaphroditus Praised,PHP.2.25,PHP.2.30
2525,All for Christ,PHP.3.1,PHP.3.11
2526,Pressing Toward the Goal,PHP.3.12,PHP.3.16
2527,Our Citizenship in Heaven,PHP.3.17,PHP.4.1
2528,"Be United, Joyful, and in Prayer",PHP.4.2,PHP.4.7
2529,Meditate on These Things,PHP.4.8,PHP.4.9
2530,Philippian Generosity,PHP.4.10,PHP.4.20
2531,Greeting and Blessing,PHP.4.21,PHP.4.23
2532,Greeting,COL.1.1,COL.1.2
2533,Their Faith in Christ,COL.1.3,COL.1.8
2534,Preeminence of Christ,COL.1.9,COL.1.18
2535,Reconciled in Christ,COL.1.19,COL.1.23
2536,Sacrificial Service for Christ,COL.1.24,COL.1.29
2537,Not Philosophy but Christ,COL.2.1,COL.2.10
2538,Not Legalism but Christ,COL.2.11,COL.2.23
2539,Not Carnality but Christ,COL.3.1,COL.3.11
2540,Character of the New Man,COL.3.12,COL.3.17
2541,The Christian Home,COL.3.18,COL.4.1
2542,Christian Graces,COL.4.2,COL.4.6
2543,Final Greetings,COL.4.7,COL.4.15
2544,Closing Exhortations and Blessing,COL.4.16,COL.4.18
2545,Greeting,1TH.1.1,1TH.1.1
2546,Their Good Example,1TH.1.2,1TH.1.10
2547,Paul’s Conduct,1TH.2.1,1TH.2.12
2548,Their Conversion,1TH.2.13,1TH.2.16
2549,Longing to See Them,1TH.2.17,1TH.2.20
2550,Concern for Their Faith,1TH.3.1,1TH.3.5
2551,Encouraged by Timothy,1TH.3.6,1TH.3.10
2552,Prayer for the Church,1TH.3.11,1TH.3.13
2553,Plea for Purity,1TH.4.1,1TH.4.8
2554,A Brotherly and Orderly Life,1TH.4.9,1TH.4.12
2555,The Comfort of Christ’s Coming,1TH.4.13,1TH.4.18
2556,The Day of the Lord,1TH.5.1,1TH.5.11
2557,Various Exhortations,1TH.5.12,1TH.5.22
2558,Blessing and Admonition,1TH.5.23,1TH.5.28
2559,Greeting,2TH.1.1,2TH.1.2
2560,God’s Final Judgment and Glory,2TH.1.3,2TH.1.12
2561,The Great Apostasy,2TH.2.1,2TH.2.12
2562,Stand Fast,2TH.2.13,2TH.2.17
2563,Pray for Us,2TH.3.1,2TH.3.5
2564,Warning Against Idleness,2TH.3.6,2TH.3.15
2565,Benediction,2TH.3.16,2TH.3.18
2566,Greeting,1TI.1.1,1TI.1.2
2567,No Other Doctrine,1TI.1.3,1TI.1.11
2568,Glory to God for His Grace,1TI.1.12,1TI.1.17
2569,Fight the Good Fight,1TI.1.18,1TI.1.20
2570,Pray for All Men,1TI.2.1,1TI.2.7
2571,Men and Women in the Church,1TI.2.8,1TI.2.15
2572,Qualifications of Overseers,1TI.3.1,1TI.3.7
2573,Qualifications of Deacons,1TI.3.8,1TI.3.13
2574,The Great Mystery,1TI.3.14,1TI.3.16
2575,The Great Apostasy,1TI.4.1,1TI.4.5
2576,A Good Servant of Jesus Christ,1TI.4.6,1TI.4.11
2577,Take Heed to Your Ministry,1TI.4.12,1TI.4.16
2578,Treatment of Church Members,1TI.5.1,1TI.5.2
2579,Honor True Widows,1TI.5.3,1TI.5.16
2580,Honor the Elders,1TI.5.17,1TI.5.25
2581,Honor Masters,1TI.6.1,1TI.6.2
2582,Error and Greed,1TI.6.3,1TI.6.10
2583,The Good Confession,1TI.6.11,1TI.6.16
2584,Instructions to the Rich,1TI.6.17,1TI.6.19
2585,Guard the Faith,1TI.6.20,1TI.6.21
2586,Greeting,2TI.1.1,2TI.1.2
2587,Timothy’s Faith and Heritage,2TI.1.3,2TI.1.7
2588,Not Ashamed of the Gospel,2TI.1.8,2TI.1.12
2589,Be Loyal to the Faith,2TI.1.13,2TI.1.18
2590,Be Strong in Grace,2TI.2.1,2TI.2.13
2591,Approved and Disapproved Workers,2TI.2.14,2TI.2.26
2592,Perilous Times and Perilous Men,2TI.3.1,2TI.3.9
2593,The Man of God and the Word of God,2TI.3.10,2TI.3.17
2594,Preach the Word,2TI.4.1,2TI.4.5
2595,Paul’s Valedictory,2TI.4.6,2TI.4.8
2596,The Abandoned Apostle,2TI.4.9,2TI.4.16
2597,The Lord Is Faithful,2TI.4.17,2TI.4.18
2598,Come Before Winter,2TI.4.19,2TI.4.21
2599,Farewell,2TI.4.22,2TI.4.22
2600,Greeting,TIT.1.1,TIT.1.4
2601,Qualified Elders,TIT.1.5,TIT.1.9
2602,The Elders’ Task,TIT.1.10,TIT.1.16
2603,Qualities of a Sound Church,TIT.2.1,TIT.2.10
2604,Trained by Saving Grace,TIT.2.11,TIT.2.15
2605,Graces of the Heirs of Grace,TIT.3.1,TIT.3.8
2606,Avoid Dissension,TIT.3.9,TIT.3.11
2607,Final Messages,TIT.3.12,TIT.3.14
2608,Farewell,TIT.3.15,TIT.3.15
2609,Greeting,PHM.1.1,PHM.1.3
2610,Philemon’s Love and Faith,PHM.1.4,PHM.1.7
2611,The Plea for Onesimus,PHM.1.8,PHM.1.16
2612,Philemon’s Obedience Encouraged,PHM.1.17,PHM.1.22
2613,Farewell,PHM.1.23,PHM.1.25
2614,God’s Supreme Revelation,HEB.1.1,HEB.1.4
2615,The Son Exalted Above Angels,HEB.1.5,HEB.1.14
2616,Do Not Neglect Salvation,HEB.2.1,HEB.2.4
2617,The Son Made Lower than Angels,HEB.2.5,HEB.2.9
2618,Bringing Many Sons to Glory,HEB.2.10,HEB.2.18
2619,The Son Was Faithful,HEB.3.1,HEB.3.6
2620,Be Faithful,HEB.3.7,HEB.3.15
2621,Failure of the Wilderness Wanderers,HEB.3.16,HEB.3.19
2622,The Promise of Rest,HEB.4.1,HEB.4.10
2623,The Word Discovers Our Condition,HEB.4.11,HEB.4.13
2624,Our Compassionate High Priest,HEB.4.14,HEB.4.16
2625,Qualifications for High Priesthood,HEB.5.1,HEB.5.4
2626,A Priest Forever,HEB.5.5,HEB.5.11
2627,Spiritual Immaturity,HEB.5.12,HEB.5.14
2628,The Peril of Not Progressing,HEB.6.1,HEB.6.8
2629,A Better Estimate,HEB.6.9,HEB.6.12
2630,God’s Infallible Purpose in Christ,HEB.6.13,HEB.6.20
2631,The King of Righteousness,HEB.7.1,HEB.7.10
2632,Need for a New Priesthood,HEB.7.11,HEB.7.19
2633,Greatness of the New Priest,HEB.7.20,HEB.7.28
2634,The New Priestly Service,HEB.8.1,HEB.8.6
2635,A New Covenant,HEB.8.7,HEB.8.13
2636,The Earthly Sanctuary,HEB.9.1,HEB.9.5
2637,Limitations of the Earthly Service,HEB.9.6,HEB.9.10
2638,The Heavenly Sanctuary,HEB.9.11,HEB.9.15
2639,The Mediator’s Death Necessary,HEB.9.16,HEB.9.22
2640,Greatness of Christ’s Sacrifice,HEB.9.23,HEB.9.28
2641,Animal Sacrifices Insufficient,HEB.10.1,HEB.10.4
2642,Christ’s Death Fulfills God’s Will,HEB.10.5,HEB.10.10
2643,Christ’s Death Perfects the Sanctified,HEB.10.11,HEB.10.18
2644,Hold Fast Your Confession,HEB.10.19,HEB.10.25
2645,The Just Live by Faith,HEB.10.26,HEB.10.39
2646,By Faith We Understand,HEB.11.1,HEB.11.3
2647,Faith at the Dawn of History,HEB.11.4,HEB.11.7
2648,Faithful Abraham,HEB.11.8,HEB.11.12
2649,The Heavenly Hope,HEB.11.13,HEB.11.16
2650,The Faith of the Patriarchs,HEB.11.17,HEB.11.22
2651,The Faith of Moses,HEB.11.23,HEB.11.29
2652,By Faith They Overcame,HEB.11.30,HEB.11.40
2653,The Race of Faith,HEB.12.1,HEB.12.2
2654,The Discipline of God,HEB.12.3,HEB.12.11
2655,Renew Your Spiritual Vitality,HEB.12.12,HEB.12.17
2656,The Glorious Company,HEB.12.18,HEB.12.24
2657,Hear the Heavenly Voice,HEB.12.25,HEB.12.29
2658,Concluding Moral Directions,HEB.13.1,HEB.13.6
2659,Concluding Religious Directions,HEB.13.7,HEB.13.17
2660,Prayer Requested,HEB.13.18,HEB.13.19
2661,"Benediction, Final Exhortation, Farewell",HEB.13.20,HEB.13.25
2662,Greeting to the Twelve Tribes,JAS.1.1,JAS.1.1
2663,Profiting from Trials,JAS.1.2,JAS.1.8
2664,The Perspective of Rich and Poor,JAS.1.9,JAS.1.11
2665,Loving God Under Trials,JAS.1.12,JAS.1.18
2666,Qualities Needed in Trials,JAS.1.19,JAS.1.20
2667,Doers—Not Hearers Only,JAS.1.21,JAS.1.27
2668,Beware of Personal Favoritism,JAS.2.1,JAS.2.13
2669,Faith Without Works Is Dead,JAS.2.14,JAS.2.26
2670,The Untamable Tongue,JAS.3.1,JAS.3.12
2671,Heavenly Versus Demonic Wisdom,JAS.3.13,JAS.3.18
2672,Pride Promotes Strife,JAS.4.1,JAS.4.6
2673,Humility Cures Worldliness,JAS.4.7,JAS.4.10
2674,Do Not Judge a Brother,JAS.4.11,JAS.4.12
2675,Do Not Boast About Tomorrow,JAS.4.13,JAS.4.17
2676,Rich Oppressors Will Be Judged,JAS.5.1,JAS.5.6
2677,Be Patient and Persevering,JAS.5.7,JAS.5.12
2678,Meeting Specific Needs,JAS.5.13,JAS.5.18
2679,Bring Back the Erring One,JAS.5.19,JAS.5.20
2680,Greeting to the Elect Pilgrims,1PE.1.1,1PE.1.2
2681,A Heavenly Inheritance,1PE.1.3,1PE.1.12
2682,Living Before God Our Father,1PE.1.13,1PE.1.21
2683,The Enduring Word,1PE.1.22,1PE.2.3
2684,The Chosen Stone and His Chosen People,1PE.2.4,1PE.2.10
2685,Living Before the World,1PE.2.11,1PE.2.12
2686,Submission to Government,1PE.2.13,1PE.2.17
2687,Submission to Masters,1PE.2.18,1PE.2.25
2688,Submission to Husbands,1PE.3.1,1PE.3.6
2689,A Word to Husbands,1PE.3.7,1PE.3.7
2690,Called to Blessing,1PE.3.8,1PE.3.12
2691,Suffering for Right and Wrong,1PE.3.13,1PE.3.17
2692,Christ’s Suffering and Ours,1PE.3.18,1PE.4.6
2693,Serving for God’s Glory,1PE.4.7,1PE.4.11
2694,Suffering for God’s Glory,1PE.4.12,1PE.4.19
2695,Shepherd the Flock,1PE.5.1,1PE.5.4
2696,"Submit to God, Resist the Devil",1PE.5.5,1PE.5.11
2697,Farewell and Peace,1PE.5.12,1PE.5.14
2698,Greeting the Faithful,2PE.1.1,2PE.1.4
2699,Fruitful Growth in the Faith,2PE.1.5,2PE.1.11
2700,Peter’s Approaching Death,2PE.1.12,2PE.1.15
2701,The Trustworthy Prophetic Word,2PE.1.16,2PE.1.21
2702,Destructive Doctrines,2PE.2.1,2PE.2.3
2703,Doom of False Teachers,2PE.2.4,2PE.2.11
2704,Depravity of False Teachers,2PE.2.12,2PE.2.17
2705,Deceptions of False Teachers,2PE.2.18,2PE.2.22
2706,God’s Promise Is Not Slack,2PE.3.1,2PE.3.9
2707,The Day of the Lord,2PE.3.10,2PE.3.13
2708,Be Steadfast,2PE.3.14,2PE.3.18
2709,"What Was Heard, Seen, and Touched",1JN.1.1,1JN.1.4
2710,Fellowship with Him and One Another,1JN.1.5,1JN.2.2
2711,The Test of Knowing Him,1JN.2.3,1JN.2.11
2712,Their Spiritual State,1JN.2.12,1JN.2.14
2713,Do Not Love the World,1JN.2.15,1JN.2.17
2714,Deceptions of the Last Hour,1JN.2.18,1JN.2.23
2715,Let Truth Abide in You,1JN.2.24,1JN.2.27
2716,The Children of God,1JN.2.28,1JN.3.3
2717,Sin and the Child of God,1JN.3.4,1JN.3.9
2718,The Imperative of Love,1JN.3.10,1JN.3.15
2719,The Outworking of Love,1JN.3.16,1JN.3.23
2720,The Spirit of Truth and the Spirit of Error,1JN.3.24,1JN.4.6
2721,Knowing God Through Love,1JN.4.7,1JN.4.11
2722,Seeing God Through Love,1JN.4.12,1JN.4.16
2723,The Consummation of Love,1JN.4.17,1JN.4.19
2724,Obedience by Faith,1JN.4.20,1JN.5.5
2725,The Certainty of God’s Witness,1JN.5.6,1JN.5.13
2726,Confidence and Compassion in Prayer,1JN.5.14,1JN.5.17
2727,Knowing the True—Rejecting the False,1JN.5.18,1JN.5.21
2728,Greeting the Elect Lady,2JN.1.1,2JN.1.3
2729,Walk in Christ’s Commandments,2JN.1.4,2JN.1.6
2730,Beware of Antichrist Deceivers,2JN.1.7,2JN.1.11
2731,John’s Farewell Greeting,2JN.1.12,2JN.1.13
2732,Greeting to Gaius,3JN.1.1,3JN.1.4
2733,Gaius Commended for Generosity,3JN.1.5,3JN.1.8
2734,Diotrephes and Demetrius,3JN.1.9,3JN.1.12
2735,Farewell Greeting,3JN.1.13,3JN.1.14
2736,Greeting to the Called,JUD.1.1,JUD.1.2
2737,Contend for the Faith,JUD.1.3,JUD.1.4
2738,Old and New Apostates,JUD.1.5,JUD.1.11
2739,Apostates Depraved and Doomed,JUD.1.12,JUD.1.15
2740,Apostates Predicted,JUD.1.16,JUD.1.19
2741,Maintain Your Life with God,JUD.1.20,JUD.1.23
2742,Glory to God,JUD.1.24,JUD.1.25
2743,Introduction and Benediction,REV.1.1,REV.1.3
2744,Greeting the Seven Churches,REV.1.4,REV.1.8
2745,Vision of the Son of Man,REV.1.9,REV.1.20
2746,The Loveless Church,REV.2.1,REV.2.7
2747,The Persecuted Church,REV.2.8,REV.2.11
2748,The Compromising Church,REV.2.12,REV.2.17
2749,The Corrupt Church,REV.2.18,REV.2.29
2750,The Dead Church,REV.3.1,REV.3.6
2751,The Faithful Church,REV.3.7,REV.3.13
2752,The Lukewarm Church,REV.3.14,REV.3.22
2753,The Throne Room of Heaven,REV.4.1,REV.4.11
2754,The Lamb Takes the Scroll,REV.5.1,REV.5.7
2755,Worthy Is the Lamb,REV.5.8,REV.5.14
2756,First Seal: The Conqueror,REV.6.1,REV.6.2
2757,Second Seal: Conflict on Earth,REV.6.3,REV.6.4
2758,Third Seal: Scarcity on Earth,REV.6.5,REV.6.6
2759,Fourth Seal: Widespread Death on Earth,REV.6.7,REV.6.8
2760,Fifth Seal: The Cry of the Martyrs,REV.6.9,REV.6.11
2761,Sixth Seal: Cosmic Disturbances,REV.6.12,REV.6.17
2762,The Sealed of Israel,REV.7.1,REV.7.8
2763,A Multitude from the Great Tribulation,REV.7.9,REV.7.17
2764,Seventh Seal: Prelude to the Seven Trumpets,REV.8.1,REV.8.6
2765,First Trumpet: Vegetation Struck,REV.8.7,REV.8.7
2766,Second Trumpet: The Seas Struck,REV.8.8,REV.8.9
2767,Third Trumpet: The Waters Struck,REV.8.10,REV.8.11
2768,Fourth Trumpet: The Heavens Struck,REV.8.12,REV.8.13
2769,Fifth Trumpet: The Locusts from the Bottomless Pit,REV.9.1,REV.9.12
2770,Sixth Trumpet: The Angels from the Euphrates,REV.9.13,REV.9.21
2771,The Mighty Angel with the Little Book,REV.10.1,REV.10.7
2772,John Eats the Little Book,REV.10.8,REV.10.11
2773,The Two Witnesses,REV.11.1,REV.11.6
2774,The Witnesses Killed,REV.11.7,REV.11.10
2775,The Witnesses Resurrected,REV.11.11,REV.11.14
2776,Seventh Trumpet: The Kingdom Proclaimed,REV.11.15,REV.11.19
2777,"The Woman, the Child, and the Dragon",REV.12.1,REV.12.6
2778,Satan Thrown Out of Heaven,REV.12.7,REV.12.12
2779,The Woman Persecuted,REV.12.13,REV.12.17
2780,The Beast from the Sea,REV.13.1,REV.13.10
2781,The Beast from the Earth,REV.13.11,REV.13.18
2782,"The Lamb and the 144,000",REV.14.1,REV.14.5
2783,The Proclamations of Three Angels,REV.14.6,REV.14.13
2784,Reaping the Earth’s Harvest,REV.14.14,REV.14.16
2785,Reaping the Grapes of Wrath,REV.14.17,REV.14.20
2786,Prelude to the Bowl Judgments,REV.15.1,REV.16.1
2787,First Bowl: Loathsome Sores,REV.16.2,REV.16.2
2788,Second Bowl: The Sea Turns to Blood,REV.16.3,REV.16.3
2789,Third Bowl: The Waters Turn to Blood,REV.16.4,REV.16.7
2790,Fourth Bowl: Men Are Scorched,REV.16.8,REV.16.9
2791,Fifth Bowl: Darkness and Pain,REV.16.10,REV.16.11
2792,Sixth Bowl: Euphrates Dried Up,REV.16.12,REV.16.16
2793,Seventh Bowl: The Earth Utterly Shaken,REV.16.17,REV.16.21
2794,The Scarlet Woman and the Scarlet Beast,REV.17.1,REV.17.6
2795,The Meaning of the Woman and the Beast,REV.17.7,REV.17.18
2796,The Fall of Babylon the Great,REV.18.1,REV.18.8
2797,The World Mourns Babylon’s Fall,REV.18.9,REV.18.20
2798,Finality of Babylon’s Fall,REV.18.21,REV.18.24
2799,Heaven Exults over Babylon,REV.19.1,REV.19.10
2800,Christ on a White Horse,REV.19.11,REV.19.16
2801,The Beast and His Armies Defeated,REV.19.17,REV.19.21
2802,"Satan Bound 1,000 Years",REV.20.1,REV.20.3
2803,"The Saints Reign with Christ 1,000 Years",REV.20.4,REV.20.6
2804,Satanic Rebellion Crushed,REV.20.7,REV.20.10
2805,The Great White Throne Judgment,REV.20.11,REV.20.15
2806,All Things Made New,REV.21.1,REV.21.8
2807,The New Jerusalem,REV.21.9,REV.21.21
2808,The Glory of the New Jerusalem,REV.21.22,REV.21.27
2809,The River of Life,REV.22.1,REV.22.5
2810,The Time Is Near,REV.22.6,REV.22.11
2811,Jesus Testifies to the Churches,REV.22.12,REV.22.17
2812,A Warning,REV.22.18,REV.22.19
2813,I Am Coming Quickly,REV.22.20,REV.22.21
